[{"id":"123456","orderDate":1625097600000,"inDate":1651564800000,"outDate":1654156800000,"specialRequest":"Non-smoking room","guest":{"name":"John","lastname":"Doe","profileUrl":"https://example.com/profile/johndoe"}},{"id":"22dfa952-e605-475b-855b-844c603d752c","orderDate":1625097600000,"inDate":1651564800000,"outDate":1654156800000,"specialRequest":"Non-smoking room","guest":{"name":"John","lastname":"Doe","profileUrl":"https://example.com/profile/johndoe"}},{"id":"df863f2b-45d3-479e-8000-27d86b7d020e","orderDate":1625097600000,"inDate":1651564800000,"outDate":1654156800000,"specialRequest":"Non-smoking room","guest":{"name":"John","lastname":"Doe","profileUrl":"https://example.com/profile/johndoe"}},{"id":"e028b493-392f-436c-b576-8adda5506127","orderDate":1625097600000,"inDate":1651564800000,"outDate":1654156800000,"specialRequest":"Non-smoking room","guest":{"name":"John","lastname":"Doe","profileUrl":"https://example.com/profile/johndoe"}},{"id":"d20388b4-2689-4d40-b97b-48b3d24e4aa9","orderDate":1625097600000,"inDate":1651564800000,"outDate":1654156800000,"specialRequest":"Non-smoking room","guest":{"name":"John","lastname":"Doe","profileUrl":"https://example.com/profile/johndoe"}},{"id":"1ad4dce8-17e3-4a59-94bf-209dcff0b26d","orderDate":1625097600000,"inDate":1651564800000,"outDate":1654156800000,"specialRequest":"Non-smoking room","guest":{"name":"John","lastname":"Doe","profileUrl":"https://example.com/profile/johndoe"}},{"id":"73aeaf87-7a04-4229-a42b-9cbb028771a8","orderDate":1625097600000,"inDate":1651564800000,"outDate":1654156800000,"specialRequest":"Non-smoking room","guest":{"name":"John","lastname":"Doe","profileUrl":"https://example.com/profile/johndoe"}},{"id":"58304be5-4a49-4e9c-810f-db6d37e534ef","orderDate":1625097600000,"inDate":1651564800000,"outDate":1654156800000,"specialRequest":"Non-smoking room","guest":{"name":"John","lastname":"Doe","profileUrl":"https://example.com/profile/johndoe"}},{"id":"49e1eaa8-e604-443d-8cb0-36f614ed9027","orderDate":1625097600000,"inDate":1651564800000,"outDate":1654156800000,"specialRequest":"Non-smoking room","guest":{"name":"John","lastname":"Doe","profileUrl":"https://example.com/profile/johndoe"}},{"id":"71991b8f-1af3-4b80-b52d-e5f7af0e3a58","orderDate":1625097600000,"inDate":1651564800000,"outDate":1654156800000,"specialRequest":"nothing","guest":{"name":"John","lastname":"Doe","profileUrl":"https://example.com/profile/johndoe"}},{"id":"29942dd8-f849-4066-9794-99f4ac65f308","orderDate":1625097600000,"inDate":1651564800000,"outDate":1654156800000,"specialRequest":"Non-smoking room","guest":{"name":"John","lastname":"Doe","profileUrl":"https://example.com/profile/johndoe"}},{"id":"58a93fd2-c00c-46aa-bd55-604a56a606dc","orderDate":1625097600000,"inDate":1651564800000,"outDate":1654156800000,"specialRequest":"Non-smoking room","guest":{"name":"John","lastname":"Doe","profileUrl":"https://example.com/profile/johndoe"}},{"id":"48a4ac16-18e3-4c71-a3e6-17a6ec3c2f01","orderDate":1625097600000,"inDate":1651564800000,"outDate":1654156800000,"specialRequest":"Non-smoking room","guest":{"name":"John","lastname":"Doe","profileUrl":"https://example.com/profile/johndoe"}},{"id":"c60dbfaa-3693-43ae-a927-88395043f72b","orderDate":1625097600000,"inDate":1651564800000,"outDate":1654156800000,"specialRequest":"Non-smoking room","guest":{"name":"John","lastname":"Doe","profileUrl":"https://example.com/profile/johndoe"}},{"id":"2a0c89ca-5011-4abc-a3d5-bfeb8877ba23","orderDate":1625097600000,"inDate":1651564800000,"outDate":1654156800000,"specialRequest":"Non-smoking room","guest":{"name":"John","lastname":"Doe","profileUrl":"https://example.com/profile/johndoe"}},{"id":"d939029a-10ac-471f-aa41-3aa19c98157f","orderDate":1625097600000,"inDate":1651564800000,"outDate":1654156800000,"specialRequest":"nothing","guest":{"name":"John","lastname":"Doe","profileUrl":"https://example.com/profile/johndoe"}},{"id":"878b9cbc-ba5f-4f32-a1aa-716b2174aeb3","orderDate":1625097600000,"inDate":1651564800000,"outDate":1654156800000,"specialRequest":"Non-smoking room","guest":{"name":"John","lastname":"Doe","profileUrl":"https://example.com/profile/johndoe"}},{"id":"c89e6559-242a-4466-bf49-cedaea8eb9f1","orderDate":1625097600000,"inDate":1651564800000,"outDate":1654156800000,"specialRequest":"Non-smoking room","guest":{"name":"John","lastname":"Doe","profileUrl":"https://example.com/profile/johndoe"}},{"id":"682dacc9-3c3f-44c4-92a8-bcc3953ccfb0","orderDate":1625097600000,"inDate":1651564800000,"outDate":1654156800000,"specialRequest":"Non-smoking room","guest":{"name":"John","lastname":"Doe","profileUrl":"https://example.com/profile/johndoe"}},{"id":"3eb365ad-4868-438b-9ee7-340d06e20166","orderDate":1625097600000,"inDate":1651564800000,"outDate":1654156800000,"specialRequest":"Non-smoking room","guest":{"name":"John","lastname":"Doe","profileUrl":"https://example.com/profile/johndoe"}},{"id":"233f567d-c7ef-4bee-9c3e-7d707db2b4ae","orderDate":1625097600000,"inDate":1651564800000,"outDate":1654156800000,"specialRequest":"Non-smoking room","guest":{"name":"John","lastname":"Doe","profileUrl":"https://example.com/profile/johndoe"}},{"id":"1e956681-601d-4da8-8f7d-c702289e2e03","orderDate":1625097600000,"inDate":1651564800000,"outDate":1654156800000,"specialRequest":"nothing","guest":{"name":"John","lastname":"Doe","profileUrl":"https://example.com/profile/johndoe"}},{"id":"ed5f8d26-95cd-4a77-bbfa-e4795d199dd7","orderDate":1625097600000,"inDate":1651564800000,"outDate":1654156800000,"specialRequest":"Non-smoking room","guest":{"name":"John","lastname":"Doe","profileUrl":"https://example.com/profile/johndoe"}},{"id":"981c5eca-7287-49d5-9935-c82b0088559e","orderDate":1625097600000,"inDate":1651564800000,"outDate":1654156800000,"specialRequest":"Non-smoking room","guest":{"name":"John","lastname":"Doe","profileUrl":"https://example.com/profile/johndoe"}},{"id":"7e62c69c-083b-4a30-99b7-a14f7c09f1b2","orderDate":1625097600000,"inDate":1651564800000,"outDate":1654156800000,"specialRequest":"Non-smoking room","guest":{"name":"John","lastname":"Doe","profileUrl":"https://example.com/profile/johndoe"}},{"id":"50a7fff2-c114-425d-ac12-1eeafb0ac099","orderDate":1625097600000,"inDate":1651564800000,"outDate":1654156800000,"specialRequest":"Non-smoking room","guest":{"name":"John","lastname":"Doe","profileUrl":"https://example.com/profile/johndoe"}},{"id":"5e4106d5-e35b-4d1a-a748-f1861efd32dd","orderDate":1625097600000,"inDate":1651564800000,"outDate":1654156800000,"specialRequest":"Non-smoking room","guest":{"name":"John","lastname":"Doe","profileUrl":"https://example.com/profile/johndoe"}},{"id":"9cdeddae-1d66-469f-ad31-7136b5005a78","orderDate":1625097600000,"inDate":1651564800000,"outDate":1654156800000,"specialRequest":"nothing","guest":{"name":"John","lastname":"Doe","profileUrl":"https://example.com/profile/johndoe"}},{"id":"9e85ed84-905e-4843-8b8b-18ae4da2494b","orderDate":1625097600000,"inDate":1651564800000,"outDate":1654156800000,"specialRequest":"Non-smoking room","guest":{"name":"John","lastname":"Doe","profileUrl":"https://example.com/profile/johndoe"}},{"id":"53ef5feb-c4ca-42a7-8e01-8e11807b501f","orderDate":1625097600000,"inDate":1651564800000,"outDate":1654156800000,"specialRequest":"Non-smoking room","guest":{"name":"John","lastname":"Doe","profileUrl":"https://example.com/profile/johndoe"}},{"id":"11d84ccc-a524-445d-8ca1-6eff2c19aac7","orderDate":1625097600000,"inDate":1651564800000,"outDate":1654156800000,"specialRequest":"Non-smoking room","guest":{"name":"John","lastname":"Doe","profileUrl":"https://example.com/profile/johndoe"}},{"id":"bb2cab7a-b637-4553-863e-74cbd18db9eb","orderDate":1625097600000,"inDate":1651564800000,"outDate":1654156800000,"specialRequest":"Non-smoking room","guest":{"name":"John","lastname":"Doe","profileUrl":"https://example.com/profile/johndoe"}},{"id":"b45e1593-87f0-44b4-af7b-ece6b964e864","orderDate":1625097600000,"inDate":1651564800000,"outDate":1654156800000,"specialRequest":"Non-smoking room","guest":{"name":"John","lastname":"Doe","profileUrl":"https://example.com/profile/johndoe"}},{"id":"36f02741-09c8-4b5b-8cd4-384490b8c80e","orderDate":1625097600000,"inDate":1651564800000,"outDate":1654156800000,"specialRequest":"nothing","guest":{"name":"John","lastname":"Doe","profileUrl":"https://example.com/profile/johndoe"}},{"id":"269bf909-d3e6-44f4-8aca-bb767e86e13e","orderDate":1625097600000,"inDate":1651564800000,"outDate":1654156800000,"specialRequest":"Non-smoking room","guest":{"name":"John","lastname":"Doe","profileUrl":"https://example.com/profile/johndoe"}},{"id":"36fe947f-d08e-4bef-9cd8-196c1334d06f","orderDate":1625097600000,"inDate":1651564800000,"outDate":1654156800000,"specialRequest":"Non-smoking room","guest":{"name":"John","lastname":"Doe","profileUrl":"https://example.com/profile/johndoe"}},{"id":"362c4b7d-209e-4079-b325-dfa156c01a4a","orderDate":1625097600000,"inDate":1651564800000,"outDate":1654156800000,"specialRequest":"Non-smoking room","guest":{"name":"John","lastname":"Doe","profileUrl":"https://example.com/profile/johndoe"}},{"id":"7ae4a705-6d1f-47d2-ba74-b40e8e0f1024","orderDate":1625097600000,"inDate":1651564800000,"outDate":1654156800000,"specialRequest":"Non-smoking room","guest":{"name":"John","lastname":"Doe","profileUrl":"https://example.com/profile/johndoe"}},{"id":"a27dc6b9-fdba-409c-82a9-a1607a8caaf9","orderDate":1625097600000,"inDate":1651564800000,"outDate":1654156800000,"specialRequest":"Non-smoking room","guest":{"name":"John","lastname":"Doe","profileUrl":"https://example.com/profile/johndoe"}},{"id":"d5f47b67-2655-43f8-ae1c-45def031c2e1","orderDate":1625097600000,"inDate":1651564800000,"outDate":1654156800000,"specialRequest":"nothing","guest":{"name":"John","lastname":"Doe","profileUrl":"https://example.com/profile/johndoe"}},{"id":"dc7196cf-bca4-4062-9896-2c68e6e8aae0","orderDate":1625097600000,"inDate":1651564800000,"outDate":1654156800000,"specialRequest":"Non-smoking room","guest":{"name":"John","lastname":"Doe","profileUrl":"https://example.com/profile/johndoe"}},{"id":"a4c885a8-78c4-4518-9289-79f0b1c8eddb","orderDate":1625097600000,"inDate":1651564800000,"outDate":1654156800000,"specialRequest":"Non-smoking room","guest":{"name":"John","lastname":"Doe","profileUrl":"https://example.com/profile/johndoe"}},{"id":"697638ad-4faf-46fb-8e75-dca0bca6de04","orderDate":1625097600000,"inDate":1651564800000,"outDate":1654156800000,"specialRequest":"Non-smoking room","guest":{"name":"John","lastname":"Doe","profileUrl":"https://example.com/profile/johndoe"}},{"id":"4ecb474e-7b73-4846-ae39-568c9f503ace","orderDate":1625097600000,"inDate":1651564800000,"outDate":1654156800000,"specialRequest":"Non-smoking room","guest":{"name":"John","lastname":"Doe","profileUrl":"https://example.com/profile/johndoe"}},{"id":"174b410a-491e-4d45-9b28-d1fd2f5a5273","orderDate":1625097600000,"inDate":1651564800000,"outDate":1654156800000,"specialRequest":"Non-smoking room","guest":{"name":"John","lastname":"Doe","profileUrl":"https://example.com/profile/johndoe"}},{"id":"96faeafd-dbde-46dc-9e1a-4c1d6d8aa2a1","orderDate":1625097600000,"inDate":1651564800000,"outDate":1654156800000,"specialRequest":"nothing","guest":{"name":"John","lastname":"Doe","profileUrl":"https://example.com/profile/johndoe"}},{"id":"d738f88d-ae7e-48df-929f-6aa38c370a96","orderDate":1625097600000,"inDate":1651564800000,"outDate":1654156800000,"specialRequest":"Non-smoking room","guest":{"name":"John","lastname":"Doe","profileUrl":"https://example.com/profile/johndoe"}},{"id":"83ca61c1-78f0-4b2f-b63e-3524c7af25fb","orderDate":1625097600000,"inDate":1651564800000,"outDate":1654156800000,"specialRequest":"Non-smoking room","guest":{"name":"John","lastname":"Doe","profileUrl":"https://example.com/profile/johndoe"}},{"id":"af050977-3fbb-4efe-b5f4-bdbcf15da205","orderDate":1625097600000,"inDate":1651564800000,"outDate":1654156800000,"specialRequest":"Non-smoking room","guest":{"name":"John","lastname":"Doe","profileUrl":"https://example.com/profile/johndoe"}},{"id":"47f57590-7ecd-44e7-b71e-4339cbc758d6","orderDate":1625097600000,"inDate":1651564800000,"outDate":1654156800000,"specialRequest":"Non-smoking room","guest":{"name":"John","lastname":"Doe","profileUrl":"https://example.com/profile/johndoe"}},{"id":"2327be84-2068-4004-9299-2264af1e193b","orderDate":1625097600000,"inDate":1651564800000,"outDate":1654156800000,"specialRequest":"Non-smoking room","guest":{"name":"John","lastname":"Doe","profileUrl":"https://example.com/profile/johndoe"}},{"id":"ea666b31-de72-45f2-bdfb-06226f190ff1","orderDate":1625097600000,"inDate":1651564800000,"outDate":1654156800000,"specialRequest":"nothing","guest":{"name":"John","lastname":"Doe","profileUrl":"https://example.com/profile/johndoe"}},{"id":"e132b23c-902e-48fc-898e-5c04f3289ceb","orderDate":1625097600000,"inDate":1651564800000,"outDate":1654156800000,"specialRequest":"Non-smoking room","guest":{"name":"John","lastname":"Doe","profileUrl":"https://example.com/profile/johndoe"}},{"id":"2ebe857f-ecc3-47f4-b9e4-3a718a50c60e","orderDate":1625097600000,"inDate":1651564800000,"outDate":1654156800000,"specialRequest":"Non-smoking room","guest":{"name":"John","lastname":"Doe","profileUrl":"https://example.com/profile/johndoe"}},{"id":"895e77d6-1c4c-464d-9b95-a13437b7286f","orderDate":1625097600000,"inDate":1651564800000,"outDate":1654156800000,"specialRequest":"Non-smoking room","guest":{"name":"John","lastname":"Doe","profileUrl":"https://example.com/profile/johndoe"}},{"id":"031fb9fd-8d01-4173-b276-f7476346289e","orderDate":1625097600000,"inDate":1651564800000,"outDate":1654156800000,"specialRequest":"Non-smoking room","guest":{"name":"John","lastname":"Doe","profileUrl":"https://example.com/profile/johndoe"}},{"id":"0b75e3d0-4c05-4631-bcf0-44fde0501920","orderDate":1625097600000,"inDate":1651564800000,"outDate":1654156800000,"specialRequest":"Non-smoking room","guest":{"name":"John","lastname":"Doe","profileUrl":"https://example.com/profile/johndoe"}},{"id":"64d19697-77c9-4692-87ee-de6346b03dc8","orderDate":1625097600000,"inDate":1651564800000,"outDate":1654156800000,"specialRequest":"nothing","guest":{"name":"John","lastname":"Doe","profileUrl":"https://example.com/profile/johndoe"}},{"id":"87dfb7c0-1bb5-4ee7-898f-7b3a323acb10","orderDate":1625097600000,"inDate":1651564800000,"outDate":1654156800000,"specialRequest":"Non-smoking room","guest":{"name":"John","lastname":"Doe","profileUrl":"https://example.com/profile/johndoe"}},{"id":"674d3770-85ae-4bab-a1ce-ed2abdab86c9","orderDate":1625097600000,"inDate":1651564800000,"outDate":1654156800000,"specialRequest":"Non-smoking room","guest":{"name":"John","lastname":"Doe","profileUrl":"https://example.com/profile/johndoe"}},{"id":"7fe85ada-1bc2-46db-9c50-2a721964c369","orderDate":1625097600000,"inDate":1651564800000,"outDate":1654156800000,"specialRequest":"Non-smoking room","guest":{"name":"John","lastname":"Doe","profileUrl":"https://example.com/profile/johndoe"}},{"id":"44e5c1e4-5ae7-4cdf-8cfb-58191a2a9452","orderDate":1625097600000,"inDate":1651564800000,"outDate":1654156800000,"specialRequest":"Non-smoking room","guest":{"name":"John","lastname":"Doe","profileUrl":"https://example.com/profile/johndoe"}},{"id":"497eb730-4ec8-465e-859e-f1f94da62bd6","orderDate":1625097600000,"inDate":1651564800000,"outDate":1654156800000,"specialRequest":"Non-smoking room","guest":{"name":"John","lastname":"Doe","profileUrl":"https://example.com/profile/johndoe"}},{"id":"0544fb82-fc94-4bc5-817d-3a3fe64bbc2b","orderDate":1625097600000,"inDate":1651564800000,"outDate":1654156800000,"specialRequest":"nothing","guest":{"name":"John","lastname":"Doe","profileUrl":"https://example.com/profile/johndoe"}},{"id":"b76fbb07-2086-4f93-a661-90ca61e114ec","orderDate":1625097600000,"inDate":1651564800000,"outDate":1654156800000,"specialRequest":"Non-smoking room","guest":{"name":"John","lastname":"Doe","profileUrl":"https://example.com/profile/johndoe"}},{"id":"25ffaf9a-0a2d-4fe7-bd51-f9c54b327f57","orderDate":1625097600000,"inDate":1651564800000,"outDate":1654156800000,"specialRequest":"Non-smoking room","guest":{"name":"John","lastname":"Doe","profileUrl":"https://example.com/profile/johndoe"}},{"id":"f9537a73-89c5-4b7e-806d-c6cd202d8e73","orderDate":1625097600000,"inDate":1651564800000,"outDate":1654156800000,"specialRequest":"Non-smoking room","guest":{"name":"John","lastname":"Doe","profileUrl":"https://example.com/profile/johndoe"}},{"id":"cb301362-7810-46fa-b238-40960d6cc4d2","orderDate":1625097600000,"inDate":1651564800000,"outDate":1654156800000,"specialRequest":"Non-smoking room","guest":{"name":"John","lastname":"Doe","profileUrl":"https://example.com/profile/johndoe"}},{"id":"5f8443c3-3c55-4b13-ba85-82720755d712","orderDate":1625097600000,"inDate":1651564800000,"outDate":1654156800000,"specialRequest":"Non-smoking room","guest":{"name":"John","lastname":"Doe","profileUrl":"https://example.com/profile/johndoe"}},{"id":"859c4d29-7b42-4a53-84bc-319d39c4e760","orderDate":1625097600000,"inDate":1651564800000,"outDate":1654156800000,"specialRequest":"nothing","guest":{"name":"John","lastname":"Doe","profileUrl":"https://example.com/profile/johndoe"}},{"id":"d1601ef5-36db-47be-b8f0-63321c415cc8","orderDate":1625097600000,"inDate":1651564800000,"outDate":1654156800000,"specialRequest":"Non-smoking room","guest":{"name":"John","lastname":"Doe","profileUrl":"https://example.com/profile/johndoe"}},{"id":"a49bc520-150a-4e3c-9b15-3ba859d05d8b","orderDate":1625097600000,"inDate":1651564800000,"outDate":1654156800000,"specialRequest":"Non-smoking room","guest":{"name":"John","lastname":"Doe","profileUrl":"https://example.com/profile/johndoe"}},{"id":"329f2d63-7f20-444b-8f79-1f689e666f78","orderDate":1625097600000,"inDate":1651564800000,"outDate":1654156800000,"specialRequest":"Non-smoking room","guest":{"name":"John","lastname":"Doe","profileUrl":"https://example.com/profile/johndoe"}},{"id":"ebea3d7c-be0c-40d3-b0dd-166297871196","orderDate":1625097600000,"inDate":1651564800000,"outDate":1654156800000,"specialRequest":"Non-smoking room","guest":{"name":"John","lastname":"Doe","profileUrl":"https://example.com/profile/johndoe"}},{"id":"328a66de-6acb-4318-86c8-c83129443719","orderDate":1625097600000,"inDate":1651564800000,"outDate":1654156800000,"specialRequest":"Non-smoking room","guest":{"name":"John","lastname":"Doe","profileUrl":"https://example.com/profile/johndoe"}},{"id":"a1afad3a-e588-478d-aba9-93ccf3c3dbe3","orderDate":1625097600000,"inDate":1651564800000,"outDate":1654156800000,"specialRequest":"nothing","guest":{"name":"John","lastname":"Doe","profileUrl":"https://example.com/profile/johndoe"}},{"id":"bd9eefb9-a25b-485e-bd08-27501fc7909f","orderDate":1625097600000,"inDate":1651564800000,"outDate":1654156800000,"specialRequest":"Non-smoking room","guest":{"name":"John","lastname":"Doe","profileUrl":"https://example.com/profile/johndoe"}},{"id":"4c3e4148-a921-4dae-bd33-26339d021a58","orderDate":1625097600000,"inDate":1651564800000,"outDate":1654156800000,"specialRequest":"Non-smoking room","guest":{"name":"John","lastname":"Doe","profileUrl":"https://example.com/profile/johndoe"}},{"id":"0dc8ff0d-e0da-45ef-9394-0492cf879abc","orderDate":1625097600000,"inDate":1651564800000,"outDate":1654156800000,"specialRequest":"Non-smoking room","guest":{"name":"John","lastname":"Doe","profileUrl":"https://example.com/profile/johndoe"}},{"id":"70aa9b95-dab6-4244-b600-b903a0f77fd3","orderDate":1625097600000,"inDate":1651564800000,"outDate":1654156800000,"specialRequest":"Non-smoking room","guest":{"name":"John","lastname":"Doe","profileUrl":"https://example.com/profile/johndoe"}},{"id":"df787b33-3af3-49d8-8a04-fdd6cd72c021","orderDate":1625097600000,"inDate":1651564800000,"outDate":1654156800000,"specialRequest":"Non-smoking room","guest":{"name":"John","lastname":"Doe","profileUrl":"https://example.com/profile/johndoe"}},{"id":"2f2b1001-d2e2-4371-8f83-85086d5f45e7","orderDate":1625097600000,"inDate":1651564800000,"outDate":1654156800000,"specialRequest":"nothing","guest":{"name":"John","lastname":"Doe","profileUrl":"https://example.com/profile/johndoe"}},{"id":"75a85a63-c205-422d-a056-e06bdc2a9b66","orderDate":1625097600000,"inDate":1651564800000,"outDate":1654156800000,"specialRequest":"Non-smoking room","guest":{"name":"John","lastname":"Doe","profileUrl":"https://example.com/profile/johndoe"}},{"id":"6bd5319e-eebc-4621-a651-d3cc45921db7","orderDate":1625097600000,"inDate":1651564800000,"outDate":1654156800000,"specialRequest":"Non-smoking room","guest":{"name":"John","lastname":"Doe","profileUrl":"https://example.com/profile/johndoe"}}]