[{"id":"db9e4459-483b-4074-8533-f44d065ddfaf","sentAt":1672492800000,"viewed":false,"archived":false,"subject":"Subject A","comment":"This is a sample comment.","person":{"name":"Alice","lastname":"Smith","email":"alice@example.com","phone":"+1234567890"}},{"id":"dee41e45-4e27-4a5e-a27b-422742088083","sentAt":1672492800000,"viewed":false,"archived":false,"subject":"Subject A","comment":"This is a sample comment.","person":{"name":"Alice","lastname":"Smith","email":"alice@example.com","phone":"+1234567890"}},{"id":"8152a301-488a-4833-a402-fc00c0f95c05","sentAt":1672492800000,"viewed":false,"archived":false,"subject":"Subject A","comment":"This is a sample comment.","person":{"name":"Alice","lastname":"Smith","email":"alice@example.com","phone":"+1234567890"}},{"id":"fe8ca1bd-2cc1-4767-be2b-763ec4f5e20c","sentAt":1672492800000,"viewed":false,"archived":false,"subject":"Subject A","comment":"This is a sample comment.","person":{"name":"Alice","lastname":"Smith","email":"alice@example.com","phone":"+1234567890"}},{"id":"440481aa-bb04-49bd-9e29-34a1d60a3cf1","sentAt":1672492800000,"viewed":false,"archived":false,"subject":"Subject A","comment":"This is a sample comment.","person":{"name":"Alice","lastname":"Smith","email":"alice@example.com","phone":"+1234567890"}},{"id":"75bda638-c86e-4bd9-a99b-17eec1d9b22d","sentAt":1672492800000,"viewed":false,"archived":false,"subject":"Subject A","comment":"This is a sample comment.","person":{"name":"Alice","lastname":"Smith","email":"alice@example.com","phone":"+1234567890"}},{"id":"ac6a870c-e490-407e-b3d9-de80353f0528","sentAt":1672492800000,"viewed":false,"archived":false,"subject":"Subject A","comment":"This is a sample comment.","person":{"name":"Alice","lastname":"Smith","email":"alice@example.com","phone":"+1234567890"}},{"id":"d0b6059a-2203-4cdc-bcb6-f303f6767b09","sentAt":1672492800000,"viewed":false,"archived":false,"subject":"Subject A","comment":"This is a sample comment.","person":{"name":"Alice","lastname":"Smith","email":"alice@example.com","phone":"+1234567890"}},{"id":"f82958e1-7422-4f8d-8464-bb6f031d2933","sentAt":1672492800000,"viewed":false,"archived":false,"subject":"Subject A","comment":"This is a sample comment.","person":{"name":"Alice","lastname":"Smith","email":"alice@example.com","phone":"+1234567890"}},{"id":"60765232-fb7b-47fc-8192-f188eb123474","sentAt":1672492800000,"viewed":false,"archived":false,"subject":"Subject A","comment":"This is a sample comment.","person":{"name":"Alice","lastname":"Smith","email":"alice@example.com","phone":"+1234567890"}},{"id":"d18a5f3a-9114-4b88-961e-5f0f345ef29b","sentAt":1672492800000,"viewed":false,"archived":false,"subject":"Subject A","comment":"This is a sample comment.","person":{"name":"Alice","lastname":"Smith","email":"alice@example.com","phone":"+1234567890"}},{"id":"867eda9f-a65b-4420-91a3-a338363a5f71","sentAt":1672492800000,"viewed":false,"archived":false,"subject":"Subject A","comment":"This is a sample comment.","person":{"name":"Alice","lastname":"Smith","email":"alice@example.com","phone":"+1234567890"}},{"id":"be90699e-5d1f-4bc0-b773-9b2c7cec4b7b","sentAt":1672492800000,"viewed":false,"archived":false,"subject":"Subject A","comment":"This is a sample comment.","person":{"name":"Alice","lastname":"Smith","email":"alice@example.com","phone":"+1234567890"}},{"id":"989951b0-53ba-497c-9d05-71e5fd46ca2b","sentAt":1672492800000,"viewed":false,"archived":false,"subject":"Subject A","comment":"This is a sample comment.","person":{"name":"Alice","lastname":"Smith","email":"alice@example.com","phone":"+1234567890"}},{"id":"88d17410-7ba9-4224-bf03-dad42c5d2f99","sentAt":1672492800000,"viewed":false,"archived":false,"subject":"Subject A","comment":"This is a sample comment.","person":{"name":"Alice","lastname":"Smith","email":"alice@example.com","phone":"+1234567890"}},{"id":"f7df5f0b-2d79-45af-a4bd-735268f77d75","sentAt":1672492800000,"viewed":false,"archived":false,"subject":"Subject A","comment":"This is a sample comment.","person":{"name":"Alice","lastname":"Smith","email":"alice@example.com","phone":"+1234567890"}},{"id":"be8a6c10-3b5e-4347-8a74-2468f4844663","sentAt":1672492800000,"viewed":false,"archived":false,"subject":"Subject A","comment":"This is a sample comment.","person":{"name":"Alice","lastname":"Smith","email":"alice@example.com","phone":"+1234567890"}},{"id":"9b53ff42-c014-4ebb-88d2-404a05eed046","sentAt":1672492800000,"viewed":false,"archived":false,"subject":"Subject A","comment":"This is a sample comment.","person":{"name":"Alice","lastname":"Smith","email":"alice@example.com","phone":"+1234567890"}},{"id":"6592b86b-6c3e-4da0-a499-726d44c89162","sentAt":1672492800000,"viewed":false,"archived":false,"subject":"Subject A","comment":"This is a sample comment.","person":{"name":"Alice","lastname":"Smith","email":"alice@example.com","phone":"+1234567890"}},{"id":"86aa5758-d19a-4e55-8dfd-194731c7685f","sentAt":1672492800000,"viewed":false,"archived":false,"subject":"Subject A","comment":"This is a sample comment.","person":{"name":"Alice","lastname":"Smith","email":"alice@example.com","phone":"+1234567890"}},{"id":"db185b95-1718-4cbb-98ad-1774c9641325","sentAt":1672492800000,"viewed":false,"archived":false,"subject":"Subject A","comment":"This is a sample comment.","person":{"name":"Alice","lastname":"Smith","email":"alice@example.com","phone":"+1234567890"}},{"id":"814276ad-0880-4bf8-b93b-b340b2d479ff","sentAt":1672492800000,"viewed":false,"archived":false,"subject":"Subject A","comment":"This is a sample comment.","person":{"name":"Alice","lastname":"Smith","email":"alice@example.com","phone":"+1234567890"}},{"id":"272af9cd-4b9f-4024-a06c-08aeccf0ff70","sentAt":1672492800000,"viewed":false,"archived":false,"subject":"Subject A","comment":"This is a sample comment.","person":{"name":"Alice","lastname":"Smith","email":"alice@example.com","phone":"+1234567890"}},{"id":"2a81678d-429a-4c28-ac47-6c151273a4fd","sentAt":1672492800000,"viewed":false,"archived":false,"subject":"Subject A","comment":"This is a sample comment.","person":{"name":"Alice","lastname":"Smith","email":"alice@example.com","phone":"+1234567890"}},{"id":"19089791-5fd4-46d7-b995-05574f0c67bb","sentAt":1672492800000,"viewed":false,"archived":false,"subject":"Subject A","comment":"This is a sample comment.","person":{"name":"Alice","lastname":"Smith","email":"alice@example.com","phone":"+1234567890"}},{"id":"a2805245-c864-42a9-b000-b4b4a2588643","sentAt":1672492800000,"viewed":false,"archived":false,"subject":"Subject A","comment":"This is a sample comment.","person":{"name":"Alice","lastname":"Smith","email":"alice@example.com","phone":"+1234567890"}},{"id":"317e6567-b9c8-483b-a608-18570c899323","sentAt":1672492800000,"viewed":false,"archived":false,"subject":"Subject A","comment":"This is a sample comment.","person":{"name":"Alice","lastname":"Smith","email":"alice@example.com","phone":"+1234567890"}},{"id":"ed30c07c-7206-4882-92aa-10e3e4fb9857","sentAt":1672492800000,"viewed":false,"archived":false,"subject":"Subject A","comment":"This is a sample comment.","person":{"name":"Alice","lastname":"Smith","email":"alice@example.com","phone":"+1234567890"}},{"id":"318f6250-b285-4516-879f-ce106dffada1","sentAt":1672492800000,"viewed":false,"archived":false,"subject":"Subject A","comment":"This is a sample comment.","person":{"name":"Alice","lastname":"Smith","email":"alice@example.com","phone":"+1234567890"}},{"id":"d5707c47-8fa9-48b4-937b-c3640ee49c5f","sentAt":1672492800000,"viewed":false,"archived":false,"subject":"Subject A","comment":"This is a sample comment.","person":{"name":"Alice","lastname":"Smith","email":"alice@example.com","phone":"+1234567890"}},{"id":"8178d7b9-483d-4e02-bf40-cff7df71b00c","sentAt":1672492800000,"viewed":false,"archived":false,"subject":"Subject A","comment":"This is a sample comment.","person":{"name":"Alice","lastname":"Smith","email":"alice@example.com","phone":"+1234567890"}},{"id":"79fb54af-9b6c-4661-9ab8-0f3424bb7af9","sentAt":1672492800000,"viewed":false,"archived":false,"subject":"Subject A","comment":"This is a sample comment.","person":{"name":"Alice","lastname":"Smith","email":"alice@example.com","phone":"+1234567890"}},{"id":"4176312a-1f70-4779-9300-b72800de12c9","sentAt":1672492800000,"viewed":false,"archived":false,"subject":"Subject A","comment":"This is a sample comment.","person":{"name":"Alice","lastname":"Smith","email":"alice@example.com","phone":"+1234567890"}},{"id":"41cf0ada-0a2f-441a-9ee0-b8b1d522a179","sentAt":1672492800000,"viewed":false,"archived":false,"subject":"Subject A","comment":"This is a sample comment.","person":{"name":"Alice","lastname":"Smith","email":"alice@example.com","phone":"+1234567890"}},{"id":"472af1f4-32f0-4e5c-9cb6-af5385f37e62","sentAt":1672492800000,"viewed":false,"archived":false,"subject":"Subject A","comment":"This is a sample comment.","person":{"name":"Alice","lastname":"Smith","email":"alice@example.com","phone":"+1234567890"}},{"id":"08952b8a-2da6-4a45-a7a2-803050053325","sentAt":1672492800000,"viewed":false,"archived":false,"subject":"Subject A","comment":"This is a sample comment.","person":{"name":"Alice","lastname":"Smith","email":"alice@example.com","phone":"+1234567890"}},{"id":"fad3d24b-3a85-4af9-9372-decfc28a7648","sentAt":1672492800000,"viewed":false,"archived":false,"subject":"Subject A","comment":"This is a sample comment.","person":{"name":"Alice","lastname":"Smith","email":"alice@example.com","phone":"+1234567890"}},{"id":"6e20c7b0-456e-400d-b449-fc65e0c331d5","sentAt":1672492800000,"viewed":false,"archived":false,"subject":"Subject A","comment":"This is a sample comment.","person":{"name":"Alice","lastname":"Smith","email":"alice@example.com","phone":"+1234567890"}},{"id":"c46872d8-6dd6-43ac-8609-26d5bf61b083","sentAt":1672492800000,"viewed":false,"archived":false,"subject":"Subject A","comment":"This is a sample comment.","person":{"name":"Alice","lastname":"Smith","email":"alice@example.com","phone":"+1234567890"},"specialRequest":"nothing"},{"id":"bd60fd7d-d125-4ed9-b58a-8aecdeb85056","sentAt":1672492800000,"viewed":false,"archived":false,"subject":"Subject A","comment":"This is a sample comment.","person":{"name":"Alice","lastname":"Smith","email":"alice@example.com","phone":"+1234567890"}},{"id":"0a2a0d14-b4f0-4738-8efb-c26b2b3ab263","sentAt":1672492800000,"viewed":false,"archived":false,"subject":"Subject A","comment":"This is a sample comment.","person":{"name":"Alice","lastname":"Smith","email":"alice@example.com","phone":"+1234567890"}},{"id":"a822dfe7-219d-4b72-ba04-18f1308b0957","sentAt":1672492800000,"viewed":false,"archived":false,"subject":"Subject A","comment":"This is a sample comment.","person":{"name":"Alice","lastname":"Smith","email":"alice@example.com","phone":"+1234567890"}},{"id":"f12d9157-b070-4b3f-9566-81f78faeaac3","sentAt":1672492800000,"viewed":false,"archived":false,"subject":"Subject A","comment":"This is a sample comment.","person":{"name":"Alice","lastname":"Smith","email":"alice@example.com","phone":"+1234567890"}},{"id":"62335fe2-88e7-4008-975e-51884320003a","sentAt":1672492800000,"viewed":false,"archived":false,"subject":"Subject A","comment":"This is a sample comment.","person":{"name":"Alice","lastname":"Smith","email":"alice@example.com","phone":"+1234567890"}},{"id":"1c5f2938-5bbc-45bf-a640-5da3d52096e2","sentAt":1672492800000,"viewed":false,"archived":false,"subject":"Subject A","comment":"This is a sample comment.","person":{"name":"Alice","lastname":"Smith","email":"alice@example.com","phone":"+1234567890"},"specialRequest":"nothing"},{"id":"88d6a4e5-0eb6-40bf-a7f4-3a4c22e58761","sentAt":1672492800000,"viewed":false,"archived":false,"subject":"Subject A","comment":"This is a sample comment.","person":{"name":"Alice","lastname":"Smith","email":"alice@example.com","phone":"+1234567890"}},{"id":"d09805d3-b322-492f-8228-ba96a432b7e5","sentAt":1672492800000,"viewed":false,"archived":false,"subject":"Subject A","comment":"This is a sample comment.","person":{"name":"Alice","lastname":"Smith","email":"alice@example.com","phone":"+1234567890"}},{"id":"e1f98bbc-a6e5-420b-9d21-19815fb19774","sentAt":1672492800000,"viewed":false,"archived":false,"subject":"Subject A","comment":"This is a sample comment.","person":{"name":"Alice","lastname":"Smith","email":"alice@example.com","phone":"+1234567890"}},{"id":"082581f4-e07a-4f79-be41-69737c9d0ec8","sentAt":1672492800000,"viewed":false,"archived":false,"subject":"Subject A","comment":"This is a sample comment.","person":{"name":"Alice","lastname":"Smith","email":"alice@example.com","phone":"+1234567890"}},{"id":"9a251dfd-5867-4e81-8620-fecfea29fabf","sentAt":1672492800000,"viewed":false,"archived":false,"subject":"Subject A","comment":"This is a sample comment.","person":{"name":"Alice","lastname":"Smith","email":"alice@example.com","phone":"+1234567890"}},{"id":"fc6eab2a-8749-48c6-9ac2-2d83ba2b159d","sentAt":1672492800000,"viewed":false,"archived":false,"subject":"Subject A","comment":"This is a sample comment.","person":{"name":"Alice","lastname":"Smith","email":"alice@example.com","phone":"+1234567890"},"specialRequest":"nothing"},{"id":"e7280156-1dca-45a9-b4e2-92f7a6c81a12","sentAt":1672492800000,"viewed":false,"archived":false,"subject":"Subject A","comment":"This is a sample comment.","person":{"name":"Alice","lastname":"Smith","email":"alice@example.com","phone":"+1234567890"}},{"id":"df7862d4-78f6-4728-a332-a4da3061d25f","sentAt":1672492800000,"viewed":false,"archived":false,"subject":"Subject A","comment":"This is a sample comment.","person":{"name":"Alice","lastname":"Smith","email":"alice@example.com","phone":"+1234567890"}},{"id":"039d2b40-e325-4d81-bad1-ac04c4e2bde3","sentAt":1672492800000,"viewed":false,"archived":false,"subject":"Subject A","comment":"This is a sample comment.","person":{"name":"Alice","lastname":"Smith","email":"alice@example.com","phone":"+1234567890"}},{"id":"9cc3b9a4-2061-442b-8109-efb837760a10","sentAt":1672492800000,"viewed":false,"archived":false,"subject":"Subject A","comment":"This is a sample comment.","person":{"name":"Alice","lastname":"Smith","email":"alice@example.com","phone":"+1234567890"}},{"id":"a06f258e-9293-48d0-9482-47959acddaf9","sentAt":1672492800000,"viewed":false,"archived":false,"subject":"Subject A","comment":"This is a sample comment.","person":{"name":"Alice","lastname":"Smith","email":"alice@example.com","phone":"+1234567890"}},{"id":"2fcbc659-979a-47e9-bf25-21f10676801a","sentAt":1672492800000,"viewed":false,"archived":false,"subject":"Subject A","comment":"This is a sample comment.","person":{"name":"Alice","lastname":"Smith","email":"alice@example.com","phone":"+1234567890"},"specialRequest":"nothing"},{"id":"c488c747-d732-4e16-a631-40013267de76","sentAt":1672492800000,"viewed":false,"archived":false,"subject":"Subject A","comment":"This is a sample comment.","person":{"name":"Alice","lastname":"Smith","email":"alice@example.com","phone":"+1234567890"}},{"id":"b490c204-77c2-4c50-be99-251b5f693343","sentAt":1672492800000,"viewed":false,"archived":false,"subject":"Subject A","comment":"This is a sample comment.","person":{"name":"Alice","lastname":"Smith","email":"alice@example.com","phone":"+1234567890"}},{"id":"fe8d6470-b341-4323-bfd9-decce6191556","sentAt":1672492800000,"viewed":false,"archived":false,"subject":"Subject A","comment":"This is a sample comment.","person":{"name":"Alice","lastname":"Smith","email":"alice@example.com","phone":"+1234567890"}},{"id":"c9db6f8d-1e73-43b1-938a-2fb6baf2a77d","sentAt":1672492800000,"viewed":false,"archived":false,"subject":"Subject A","comment":"This is a sample comment.","person":{"name":"Alice","lastname":"Smith","email":"alice@example.com","phone":"+1234567890"}},{"id":"9565ed2c-6a12-4026-9b81-9cbbb79faeb7","sentAt":1672492800000,"viewed":false,"archived":false,"subject":"Subject A","comment":"This is a sample comment.","person":{"name":"Alice","lastname":"Smith","email":"alice@example.com","phone":"+1234567890"}},{"id":"0ae6537c-9d05-480f-ae9f-a15bf63eec99","sentAt":1672492800000,"viewed":false,"archived":false,"subject":"Subject A","comment":"This is a sample comment.","person":{"name":"Alice","lastname":"Smith","email":"alice@example.com","phone":"+1234567890"},"specialRequest":"nothing"},{"id":"a605b494-ff3e-48c6-97f8-d12f8d0298a0","sentAt":1672492800000,"viewed":false,"archived":false,"subject":"Subject A","comment":"This is a sample comment.","person":{"name":"Alice","lastname":"Smith","email":"alice@example.com","phone":"+1234567890"}},{"id":"9e7ddf11-61f3-497d-b634-54df5c705d2c","sentAt":1672492800000,"viewed":false,"archived":false,"subject":"Subject A","comment":"This is a sample comment.","person":{"name":"Alice","lastname":"Smith","email":"alice@example.com","phone":"+1234567890"}},{"id":"3adc87c0-3ba6-440e-b0d2-4106f1ed5081","sentAt":1672492800000,"viewed":false,"archived":false,"subject":"Subject A","comment":"This is a sample comment.","person":{"name":"Alice","lastname":"Smith","email":"alice@example.com","phone":"+1234567890"}},{"id":"c7de9947-5731-4dca-9cf3-849e75557852","sentAt":1672492800000,"viewed":false,"archived":false,"subject":"Subject A","comment":"This is a sample comment.","person":{"name":"Alice","lastname":"Smith","email":"alice@example.com","phone":"+1234567890"}},{"id":"3c804ff3-9e33-469d-bb6a-e6f333c481c1","sentAt":1672492800000,"viewed":false,"archived":false,"subject":"Subject A","comment":"This is a sample comment.","person":{"name":"Alice","lastname":"Smith","email":"alice@example.com","phone":"+1234567890"}},{"id":"3bc0ccc3-db45-4f6f-b215-8d2dcd57de5a","sentAt":1672492800000,"viewed":false,"archived":false,"subject":"Subject A","comment":"This is a sample comment.","person":{"name":"Alice","lastname":"Smith","email":"alice@example.com","phone":"+1234567890"},"specialRequest":"nothing"},{"id":"01a347da-ae98-4b00-8b5c-5b2dae78d8f4","sentAt":1672492800000,"viewed":false,"archived":false,"subject":"Subject A","comment":"This is a sample comment.","person":{"name":"Alice","lastname":"Smith","email":"alice@example.com","phone":"+1234567890"}},{"id":"866b0992-bdc2-49a8-8bfc-3cab7c9ad14d","sentAt":1672492800000,"viewed":false,"archived":false,"subject":"Subject A","comment":"This is a sample comment.","person":{"name":"Alice","lastname":"Smith","email":"alice@example.com","phone":"+1234567890"}},{"id":"0c594180-31d8-416b-954d-71d80833a775","sentAt":1672492800000,"viewed":false,"archived":false,"subject":"Subject A","comment":"This is a sample comment.","person":{"name":"Alice","lastname":"Smith","email":"alice@example.com","phone":"+1234567890"}},{"id":"6b1f57ca-d613-40b2-afaa-e960fde90238","sentAt":1672492800000,"viewed":false,"archived":false,"subject":"Subject A","comment":"This is a sample comment.","person":{"name":"Alice","lastname":"Smith","email":"alice@example.com","phone":"+1234567890"}},{"id":"78d6c474-4510-4340-9329-042ae520fef0","sentAt":1672492800000,"viewed":false,"archived":false,"subject":"Subject A","comment":"This is a sample comment.","person":{"name":"Alice","lastname":"Smith","email":"alice@example.com","phone":"+1234567890"}},{"id":"5c19e31d-1bac-401b-97df-96670a261bf9","sentAt":1672492800000,"viewed":false,"archived":false,"subject":"Subject A","comment":"This is a sample comment.","person":{"name":"Alice","lastname":"Smith","email":"alice@example.com","phone":"+1234567890"},"specialRequest":"nothing"},{"id":"40e771a1-562a-4add-bf47-d49ff9a509d4","sentAt":1672492800000,"viewed":false,"archived":false,"subject":"Subject A","comment":"This is a sample comment.","person":{"name":"Alice","lastname":"Smith","email":"alice@example.com","phone":"+1234567890"}},{"id":"ef2689a7-2638-4d40-8a43-2f2f2c7e5f5c","sentAt":1672492800000,"viewed":false,"archived":false,"subject":"Subject A","comment":"This is a sample comment.","person":{"name":"Alice","lastname":"Smith","email":"alice@example.com","phone":"+1234567890"}}]