[{"id":"66a208d6-89d2-4caa-9a53-3fcfb12006eb","name":"Deluxe Room","roomType":"double","roomNumber":101,"price":200,"discount":20,"description":"A spacious and luxurious room.","cancellationPolicy":"Free cancellation up to 24 hours before check-in.","amenities":{"airConditioner":true,"wifi":true,"breakfast":true,"kitchen":false,"cleaning":true,"shower":true,"grocery":false,"singleBed":false,"nearShop":true,"towels":true,"onlineSupport":true,"strongLocker":false,"smartSecurity":true,"expertTeam":false},"images":["https://example.com/images/room1.jpg","https://example.com/images/room2.jpg","https://example.com/images/room3.jpg"],"bookings":[]},{"id":"9ae2b163-1b4d-48b4-bd4b-345416a2cd4d","name":"Deluxe Room","roomType":"double","roomNumber":101,"price":200,"discount":20,"description":"A spacious and luxurious room.","cancellationPolicy":"Free cancellation up to 24 hours before check-in.","amenities":{"airConditioner":true,"wifi":true,"breakfast":true,"kitchen":false,"cleaning":true,"shower":true,"grocery":false,"singleBed":false,"nearShop":true,"towels":true,"onlineSupport":true,"strongLocker":false,"smartSecurity":true,"expertTeam":false},"images":["https://example.com/images/room1.jpg","https://example.com/images/room2.jpg","https://example.com/images/room3.jpg"],"bookings":[]},{"id":"cc93fe3f-8fc8-46ee-a158-e8857766ecf6","name":"Deluxe Room","roomType":"double","roomNumber":101,"price":200,"discount":20,"description":"A spacious and luxurious room.","cancellationPolicy":"Free cancellation up to 24 hours before check-in.","amenities":{"airConditioner":true,"wifi":true,"breakfast":true,"kitchen":false,"cleaning":true,"shower":true,"grocery":false,"singleBed":false,"nearShop":true,"towels":true,"onlineSupport":true,"strongLocker":false,"smartSecurity":true,"expertTeam":false},"images":["https://example.com/images/room1.jpg","https://example.com/images/room2.jpg","https://example.com/images/room3.jpg"],"bookings":[]},{"id":"92815307-045c-4e21-9d38-36c7efc0f4d5","name":"Deluxe Room","roomType":"double","roomNumber":101,"price":200,"discount":20,"description":"A spacious and luxurious room.","cancellationPolicy":"Free cancellation up to 24 hours before check-in.","amenities":{"airConditioner":true,"wifi":true,"breakfast":true,"kitchen":false,"cleaning":true,"shower":true,"grocery":false,"singleBed":false,"nearShop":true,"towels":true,"onlineSupport":true,"strongLocker":false,"smartSecurity":true,"expertTeam":false},"images":["https://example.com/images/room1.jpg","https://example.com/images/room2.jpg","https://example.com/images/room3.jpg"],"bookings":[],"specialRequest":"nothing"},{"id":"c2bfec6c-28ef-43ef-9b72-7c79af88c36f","name":"Deluxe Room","roomType":"double","roomNumber":101,"price":200,"discount":20,"description":"A spacious and luxurious room.","cancellationPolicy":"Free cancellation up to 24 hours before check-in.","amenities":{"airConditioner":true,"wifi":true,"breakfast":true,"kitchen":false,"cleaning":true,"shower":true,"grocery":false,"singleBed":false,"nearShop":true,"towels":true,"onlineSupport":true,"strongLocker":false,"smartSecurity":true,"expertTeam":false},"images":["https://example.com/images/room1.jpg","https://example.com/images/room2.jpg","https://example.com/images/room3.jpg"],"bookings":[]},{"id":"db13befd-2731-43fc-ad76-7e2f4faa2697","name":"Deluxe Room","roomType":"double","roomNumber":101,"price":200,"discount":20,"description":"A spacious and luxurious room.","cancellationPolicy":"Free cancellation up to 24 hours before check-in.","amenities":{"airConditioner":true,"wifi":true,"breakfast":true,"kitchen":false,"cleaning":true,"shower":true,"grocery":false,"singleBed":false,"nearShop":true,"towels":true,"onlineSupport":true,"strongLocker":false,"smartSecurity":true,"expertTeam":false},"images":["https://example.com/images/room1.jpg","https://example.com/images/room2.jpg","https://example.com/images/room3.jpg"],"bookings":[]},{"id":"d2c83ac7-df03-4db0-b27a-43b841254278","name":"Deluxe Room","roomType":"double","roomNumber":101,"price":200,"discount":20,"description":"A spacious and luxurious room.","cancellationPolicy":"Free cancellation up to 24 hours before check-in.","amenities":{"airConditioner":true,"wifi":true,"breakfast":true,"kitchen":false,"cleaning":true,"shower":true,"grocery":false,"singleBed":false,"nearShop":true,"towels":true,"onlineSupport":true,"strongLocker":false,"smartSecurity":true,"expertTeam":false},"images":["https://example.com/images/room1.jpg","https://example.com/images/room2.jpg","https://example.com/images/room3.jpg"],"bookings":[]},{"id":"1d69c50a-9e87-4a8b-9f41-3fe837599108","name":"Deluxe Room","roomType":"double","roomNumber":101,"price":200,"discount":20,"description":"A spacious and luxurious room.","cancellationPolicy":"Free cancellation up to 24 hours before check-in.","amenities":{"airConditioner":true,"wifi":true,"breakfast":true,"kitchen":false,"cleaning":true,"shower":true,"grocery":false,"singleBed":false,"nearShop":true,"towels":true,"onlineSupport":true,"strongLocker":false,"smartSecurity":true,"expertTeam":false},"images":["https://example.com/images/room1.jpg","https://example.com/images/room2.jpg","https://example.com/images/room3.jpg"],"bookings":[]},{"id":"89fca0c7-1f0e-4ce6-8d5c-f40cb583387b","name":"Deluxe Room","roomType":"double","roomNumber":101,"price":200,"discount":20,"description":"A spacious and luxurious room.","cancellationPolicy":"Free cancellation up to 24 hours before check-in.","amenities":{"airConditioner":true,"wifi":true,"breakfast":true,"kitchen":false,"cleaning":true,"shower":true,"grocery":false,"singleBed":false,"nearShop":true,"towels":true,"onlineSupport":true,"strongLocker":false,"smartSecurity":true,"expertTeam":false},"images":["https://example.com/images/room1.jpg","https://example.com/images/room2.jpg","https://example.com/images/room3.jpg"],"bookings":[]},{"id":"5de871ee-8bfa-4c50-b4e8-7f22dec05757","name":"Deluxe Room","roomType":"double","roomNumber":101,"price":200,"discount":20,"description":"A spacious and luxurious room.","cancellationPolicy":"Free cancellation up to 24 hours before check-in.","amenities":{"airConditioner":true,"wifi":true,"breakfast":true,"kitchen":false,"cleaning":true,"shower":true,"grocery":false,"singleBed":false,"nearShop":true,"towels":true,"onlineSupport":true,"strongLocker":false,"smartSecurity":true,"expertTeam":false},"images":["https://example.com/images/room1.jpg","https://example.com/images/room2.jpg","https://example.com/images/room3.jpg"],"bookings":[],"specialRequest":"nothing"},{"id":"5215ba12-91c8-428f-a7d3-df518d6c6c45","name":"Deluxe Room","roomType":"double","roomNumber":101,"price":200,"discount":20,"description":"A spacious and luxurious room.","cancellationPolicy":"Free cancellation up to 24 hours before check-in.","amenities":{"airConditioner":true,"wifi":true,"breakfast":true,"kitchen":false,"cleaning":true,"shower":true,"grocery":false,"singleBed":false,"nearShop":true,"towels":true,"onlineSupport":true,"strongLocker":false,"smartSecurity":true,"expertTeam":false},"images":["https://example.com/images/room1.jpg","https://example.com/images/room2.jpg","https://example.com/images/room3.jpg"],"bookings":[]},{"id":"b9605214-b8e7-4d55-ab20-e474700dba76","name":"Deluxe Room","roomType":"double","roomNumber":101,"price":200,"discount":20,"description":"A spacious and luxurious room.","cancellationPolicy":"Free cancellation up to 24 hours before check-in.","amenities":{"airConditioner":true,"wifi":true,"breakfast":true,"kitchen":false,"cleaning":true,"shower":true,"grocery":false,"singleBed":false,"nearShop":true,"towels":true,"onlineSupport":true,"strongLocker":false,"smartSecurity":true,"expertTeam":false},"images":["https://example.com/images/room1.jpg","https://example.com/images/room2.jpg","https://example.com/images/room3.jpg"],"bookings":[]},{"id":"16a001d0-abd5-4fd3-a26b-5a9dd63d644e","name":"Deluxe Room","roomType":"double","roomNumber":101,"price":200,"discount":20,"description":"A spacious and luxurious room.","cancellationPolicy":"Free cancellation up to 24 hours before check-in.","amenities":{"airConditioner":true,"wifi":true,"breakfast":true,"kitchen":false,"cleaning":true,"shower":true,"grocery":false,"singleBed":false,"nearShop":true,"towels":true,"onlineSupport":true,"strongLocker":false,"smartSecurity":true,"expertTeam":false},"images":["https://example.com/images/room1.jpg","https://example.com/images/room2.jpg","https://example.com/images/room3.jpg"],"bookings":[]},{"id":"3bf89228-ae89-484b-a307-a6c64504c8cd","name":"Deluxe Room","roomType":"double","roomNumber":101,"price":200,"discount":20,"description":"A spacious and luxurious room.","cancellationPolicy":"Free cancellation up to 24 hours before check-in.","amenities":{"airConditioner":true,"wifi":true,"breakfast":true,"kitchen":false,"cleaning":true,"shower":true,"grocery":false,"singleBed":false,"nearShop":true,"towels":true,"onlineSupport":true,"strongLocker":false,"smartSecurity":true,"expertTeam":false},"images":["https://example.com/images/room1.jpg","https://example.com/images/room2.jpg","https://example.com/images/room3.jpg"],"bookings":[]},{"id":"5c43b5ac-26be-4d3f-b40d-e9e08d99fef0","name":"Deluxe Room","roomType":"double","roomNumber":101,"price":200,"discount":20,"description":"A spacious and luxurious room.","cancellationPolicy":"Free cancellation up to 24 hours before check-in.","amenities":{"airConditioner":true,"wifi":true,"breakfast":true,"kitchen":false,"cleaning":true,"shower":true,"grocery":false,"singleBed":false,"nearShop":true,"towels":true,"onlineSupport":true,"strongLocker":false,"smartSecurity":true,"expertTeam":false},"images":["https://example.com/images/room1.jpg","https://example.com/images/room2.jpg","https://example.com/images/room3.jpg"],"bookings":[]},{"id":"634f315b-e1a9-454c-9105-d28b2fd8af50","name":"Deluxe Room","roomType":"double","roomNumber":101,"price":200,"discount":20,"description":"A spacious and luxurious room.","cancellationPolicy":"Free cancellation up to 24 hours before check-in.","amenities":{"airConditioner":true,"wifi":true,"breakfast":true,"kitchen":false,"cleaning":true,"shower":true,"grocery":false,"singleBed":false,"nearShop":true,"towels":true,"onlineSupport":true,"strongLocker":false,"smartSecurity":true,"expertTeam":false},"images":["https://example.com/images/room1.jpg","https://example.com/images/room2.jpg","https://example.com/images/room3.jpg"],"bookings":[],"specialRequest":"nothing"},{"id":"77b3509c-9e40-4543-be75-bc192064b942","name":"Deluxe Room","roomType":"double","roomNumber":101,"price":200,"discount":20,"description":"A spacious and luxurious room.","cancellationPolicy":"Free cancellation up to 24 hours before check-in.","amenities":{"airConditioner":true,"wifi":true,"breakfast":true,"kitchen":false,"cleaning":true,"shower":true,"grocery":false,"singleBed":false,"nearShop":true,"towels":true,"onlineSupport":true,"strongLocker":false,"smartSecurity":true,"expertTeam":false},"images":["https://example.com/images/room1.jpg","https://example.com/images/room2.jpg","https://example.com/images/room3.jpg"],"bookings":[]},{"id":"caa95276-c471-4e45-b774-cd46575b220c","name":"Deluxe Room","roomType":"double","roomNumber":101,"price":200,"discount":20,"description":"A spacious and luxurious room.","cancellationPolicy":"Free cancellation up to 24 hours before check-in.","amenities":{"airConditioner":true,"wifi":true,"breakfast":true,"kitchen":false,"cleaning":true,"shower":true,"grocery":false,"singleBed":false,"nearShop":true,"towels":true,"onlineSupport":true,"strongLocker":false,"smartSecurity":true,"expertTeam":false},"images":["https://example.com/images/room1.jpg","https://example.com/images/room2.jpg","https://example.com/images/room3.jpg"],"bookings":[]},{"id":"6d2c9da0-988f-423e-89f6-0d545c3db083","name":"Deluxe Room","roomType":"double","roomNumber":101,"price":200,"discount":20,"description":"A spacious and luxurious room.","cancellationPolicy":"Free cancellation up to 24 hours before check-in.","amenities":{"airConditioner":true,"wifi":true,"breakfast":true,"kitchen":false,"cleaning":true,"shower":true,"grocery":false,"singleBed":false,"nearShop":true,"towels":true,"onlineSupport":true,"strongLocker":false,"smartSecurity":true,"expertTeam":false},"images":["https://example.com/images/room1.jpg","https://example.com/images/room2.jpg","https://example.com/images/room3.jpg"],"bookings":[]},{"id":"396b8cbf-50c8-4851-99f7-102cf3708628","name":"Deluxe Room","roomType":"double","roomNumber":101,"price":200,"discount":20,"description":"A spacious and luxurious room.","cancellationPolicy":"Free cancellation up to 24 hours before check-in.","amenities":{"airConditioner":true,"wifi":true,"breakfast":true,"kitchen":false,"cleaning":true,"shower":true,"grocery":false,"singleBed":false,"nearShop":true,"towels":true,"onlineSupport":true,"strongLocker":false,"smartSecurity":true,"expertTeam":false},"images":["https://example.com/images/room1.jpg","https://example.com/images/room2.jpg","https://example.com/images/room3.jpg"],"bookings":[]},{"id":"cc1adbe8-1e16-4cb8-a8d4-a387c7abb3fe","name":"Deluxe Room","roomType":"double","roomNumber":101,"price":200,"discount":20,"description":"A spacious and luxurious room.","cancellationPolicy":"Free cancellation up to 24 hours before check-in.","amenities":{"airConditioner":true,"wifi":true,"breakfast":true,"kitchen":false,"cleaning":true,"shower":true,"grocery":false,"singleBed":false,"nearShop":true,"towels":true,"onlineSupport":true,"strongLocker":false,"smartSecurity":true,"expertTeam":false},"images":["https://example.com/images/room1.jpg","https://example.com/images/room2.jpg","https://example.com/images/room3.jpg"],"bookings":[]},{"id":"5f3195ed-5031-4536-a6ac-3918f674c1f9","name":"Deluxe Room","roomType":"double","roomNumber":101,"price":200,"discount":20,"description":"A spacious and luxurious room.","cancellationPolicy":"Free cancellation up to 24 hours before check-in.","amenities":{"airConditioner":true,"wifi":true,"breakfast":true,"kitchen":false,"cleaning":true,"shower":true,"grocery":false,"singleBed":false,"nearShop":true,"towels":true,"onlineSupport":true,"strongLocker":false,"smartSecurity":true,"expertTeam":false},"images":["https://example.com/images/room1.jpg","https://example.com/images/room2.jpg","https://example.com/images/room3.jpg"],"bookings":[],"specialRequest":"nothing"},{"id":"62a30674-8089-4c5d-89a4-7cb140e6b0b6","name":"Deluxe Room","roomType":"double","roomNumber":101,"price":200,"discount":20,"description":"A spacious and luxurious room.","cancellationPolicy":"Free cancellation up to 24 hours before check-in.","amenities":{"airConditioner":true,"wifi":true,"breakfast":true,"kitchen":false,"cleaning":true,"shower":true,"grocery":false,"singleBed":false,"nearShop":true,"towels":true,"onlineSupport":true,"strongLocker":false,"smartSecurity":true,"expertTeam":false},"images":["https://example.com/images/room1.jpg","https://example.com/images/room2.jpg","https://example.com/images/room3.jpg"],"bookings":[]},{"id":"08d0ab44-07e4-49f6-8024-48ced1901b36","name":"Deluxe Room","roomType":"double","roomNumber":101,"price":200,"discount":20,"description":"A spacious and luxurious room.","cancellationPolicy":"Free cancellation up to 24 hours before check-in.","amenities":{"airConditioner":true,"wifi":true,"breakfast":true,"kitchen":false,"cleaning":true,"shower":true,"grocery":false,"singleBed":false,"nearShop":true,"towels":true,"onlineSupport":true,"strongLocker":false,"smartSecurity":true,"expertTeam":false},"images":["https://example.com/images/room1.jpg","https://example.com/images/room2.jpg","https://example.com/images/room3.jpg"],"bookings":[]},{"id":"f2b72015-d34d-4d03-a953-7dc0d8c9248e","name":"Deluxe Room","roomType":"double","roomNumber":101,"price":200,"discount":20,"description":"A spacious and luxurious room.","cancellationPolicy":"Free cancellation up to 24 hours before check-in.","amenities":{"airConditioner":true,"wifi":true,"breakfast":true,"kitchen":false,"cleaning":true,"shower":true,"grocery":false,"singleBed":false,"nearShop":true,"towels":true,"onlineSupport":true,"strongLocker":false,"smartSecurity":true,"expertTeam":false},"images":["https://example.com/images/room1.jpg","https://example.com/images/room2.jpg","https://example.com/images/room3.jpg"],"bookings":[]},{"id":"bf2913e8-d419-4914-bb46-58f68530ad98","name":"Deluxe Room","roomType":"double","roomNumber":101,"price":200,"discount":20,"description":"A spacious and luxurious room.","cancellationPolicy":"Free cancellation up to 24 hours before check-in.","amenities":{"airConditioner":true,"wifi":true,"breakfast":true,"kitchen":false,"cleaning":true,"shower":true,"grocery":false,"singleBed":false,"nearShop":true,"towels":true,"onlineSupport":true,"strongLocker":false,"smartSecurity":true,"expertTeam":false},"images":["https://example.com/images/room1.jpg","https://example.com/images/room2.jpg","https://example.com/images/room3.jpg"],"bookings":[]},{"id":"8d69be9a-0268-4111-ad32-d50e2047e48c","name":"Deluxe Room","roomType":"double","roomNumber":101,"price":200,"discount":20,"description":"A spacious and luxurious room.","cancellationPolicy":"Free cancellation up to 24 hours before check-in.","amenities":{"airConditioner":true,"wifi":true,"breakfast":true,"kitchen":false,"cleaning":true,"shower":true,"grocery":false,"singleBed":false,"nearShop":true,"towels":true,"onlineSupport":true,"strongLocker":false,"smartSecurity":true,"expertTeam":false},"images":["https://example.com/images/room1.jpg","https://example.com/images/room2.jpg","https://example.com/images/room3.jpg"],"bookings":[]},{"id":"2b89f3b6-1d77-43a8-abb8-2baa5b38d513","name":"Deluxe Room","roomType":"double","roomNumber":101,"price":200,"discount":20,"description":"A spacious and luxurious room.","cancellationPolicy":"Free cancellation up to 24 hours before check-in.","amenities":{"airConditioner":true,"wifi":true,"breakfast":true,"kitchen":false,"cleaning":true,"shower":true,"grocery":false,"singleBed":false,"nearShop":true,"towels":true,"onlineSupport":true,"strongLocker":false,"smartSecurity":true,"expertTeam":false},"images":["https://example.com/images/room1.jpg","https://example.com/images/room2.jpg","https://example.com/images/room3.jpg"],"bookings":[],"specialRequest":"nothing"},{"id":"52235db1-a4b2-483c-a417-92c9e2dea2bc","name":"Deluxe Room","roomType":"double","roomNumber":101,"price":200,"discount":20,"description":"A spacious and luxurious room.","cancellationPolicy":"Free cancellation up to 24 hours before check-in.","amenities":{"airConditioner":true,"wifi":true,"breakfast":true,"kitchen":false,"cleaning":true,"shower":true,"grocery":false,"singleBed":false,"nearShop":true,"towels":true,"onlineSupport":true,"strongLocker":false,"smartSecurity":true,"expertTeam":false},"images":["https://example.com/images/room1.jpg","https://example.com/images/room2.jpg","https://example.com/images/room3.jpg"],"bookings":[]},{"id":"40da735f-81a8-4a9e-8dba-bd30755bbf3a","name":"Deluxe Room","roomType":"double","roomNumber":101,"price":200,"discount":20,"description":"A spacious and luxurious room.","cancellationPolicy":"Free cancellation up to 24 hours before check-in.","amenities":{"airConditioner":true,"wifi":true,"breakfast":true,"kitchen":false,"cleaning":true,"shower":true,"grocery":false,"singleBed":false,"nearShop":true,"towels":true,"onlineSupport":true,"strongLocker":false,"smartSecurity":true,"expertTeam":false},"images":["https://example.com/images/room1.jpg","https://example.com/images/room2.jpg","https://example.com/images/room3.jpg"],"bookings":[]},{"id":"94da756e-9a99-4015-b6cd-6c6d74a39e3c","name":"Deluxe Room","roomType":"double","roomNumber":101,"price":200,"discount":20,"description":"A spacious and luxurious room.","cancellationPolicy":"Free cancellation up to 24 hours before check-in.","amenities":{"airConditioner":true,"wifi":true,"breakfast":true,"kitchen":false,"cleaning":true,"shower":true,"grocery":false,"singleBed":false,"nearShop":true,"towels":true,"onlineSupport":true,"strongLocker":false,"smartSecurity":true,"expertTeam":false},"images":["https://example.com/images/room1.jpg","https://example.com/images/room2.jpg","https://example.com/images/room3.jpg"],"bookings":[]},{"id":"ba37a869-1d96-44b7-8c45-b942c60313df","name":"Deluxe Room","roomType":"double","roomNumber":101,"price":200,"discount":20,"description":"A spacious and luxurious room.","cancellationPolicy":"Free cancellation up to 24 hours before check-in.","amenities":{"airConditioner":true,"wifi":true,"breakfast":true,"kitchen":false,"cleaning":true,"shower":true,"grocery":false,"singleBed":false,"nearShop":true,"towels":true,"onlineSupport":true,"strongLocker":false,"smartSecurity":true,"expertTeam":false},"images":["https://example.com/images/room1.jpg","https://example.com/images/room2.jpg","https://example.com/images/room3.jpg"],"bookings":[]},{"id":"aedf03a2-6b68-419d-acda-e30535d68b4c","name":"Deluxe Room","roomType":"double","roomNumber":101,"price":200,"discount":20,"description":"A spacious and luxurious room.","cancellationPolicy":"Free cancellation up to 24 hours before check-in.","amenities":{"airConditioner":true,"wifi":true,"breakfast":true,"kitchen":false,"cleaning":true,"shower":true,"grocery":false,"singleBed":false,"nearShop":true,"towels":true,"onlineSupport":true,"strongLocker":false,"smartSecurity":true,"expertTeam":false},"images":["https://example.com/images/room1.jpg","https://example.com/images/room2.jpg","https://example.com/images/room3.jpg"],"bookings":[]},{"id":"9948a36d-25f3-4eab-ba10-0058e8abde86","name":"Deluxe Room","roomType":"double","roomNumber":101,"price":200,"discount":20,"description":"A spacious and luxurious room.","cancellationPolicy":"Free cancellation up to 24 hours before check-in.","amenities":{"airConditioner":true,"wifi":true,"breakfast":true,"kitchen":false,"cleaning":true,"shower":true,"grocery":false,"singleBed":false,"nearShop":true,"towels":true,"onlineSupport":true,"strongLocker":false,"smartSecurity":true,"expertTeam":false},"images":["https://example.com/images/room1.jpg","https://example.com/images/room2.jpg","https://example.com/images/room3.jpg"],"bookings":[],"specialRequest":"nothing"},{"id":"09d52780-0b6e-468a-bc2b-881abf3066ca","name":"Deluxe Room","roomType":"double","roomNumber":101,"price":200,"discount":20,"description":"A spacious and luxurious room.","cancellationPolicy":"Free cancellation up to 24 hours before check-in.","amenities":{"airConditioner":true,"wifi":true,"breakfast":true,"kitchen":false,"cleaning":true,"shower":true,"grocery":false,"singleBed":false,"nearShop":true,"towels":true,"onlineSupport":true,"strongLocker":false,"smartSecurity":true,"expertTeam":false},"images":["https://example.com/images/room1.jpg","https://example.com/images/room2.jpg","https://example.com/images/room3.jpg"],"bookings":[]},{"id":"692f28c6-3f6b-4654-bc9d-38bd90ff086d","name":"Deluxe Room","roomType":"double","roomNumber":101,"price":200,"discount":20,"description":"A spacious and luxurious room.","cancellationPolicy":"Free cancellation up to 24 hours before check-in.","amenities":{"airConditioner":true,"wifi":true,"breakfast":true,"kitchen":false,"cleaning":true,"shower":true,"grocery":false,"singleBed":false,"nearShop":true,"towels":true,"onlineSupport":true,"strongLocker":false,"smartSecurity":true,"expertTeam":false},"images":["https://example.com/images/room1.jpg","https://example.com/images/room2.jpg","https://example.com/images/room3.jpg"],"bookings":[]},{"id":"3dae3f2f-f2f0-4b9f-99d1-2599caa886a7","name":"Deluxe Room","roomType":"double","roomNumber":101,"price":200,"discount":20,"description":"A spacious and luxurious room.","cancellationPolicy":"Free cancellation up to 24 hours before check-in.","amenities":{"airConditioner":true,"wifi":true,"breakfast":true,"kitchen":false,"cleaning":true,"shower":true,"grocery":false,"singleBed":false,"nearShop":true,"towels":true,"onlineSupport":true,"strongLocker":false,"smartSecurity":true,"expertTeam":false},"images":["https://example.com/images/room1.jpg","https://example.com/images/room2.jpg","https://example.com/images/room3.jpg"],"bookings":[]},{"id":"b353cef0-3745-45a6-9184-d7719f050e30","name":"Deluxe Room","roomType":"double","roomNumber":101,"price":200,"discount":20,"description":"A spacious and luxurious room.","cancellationPolicy":"Free cancellation up to 24 hours before check-in.","amenities":{"airConditioner":true,"wifi":true,"breakfast":true,"kitchen":false,"cleaning":true,"shower":true,"grocery":false,"singleBed":false,"nearShop":true,"towels":true,"onlineSupport":true,"strongLocker":false,"smartSecurity":true,"expertTeam":false},"images":["https://example.com/images/room1.jpg","https://example.com/images/room2.jpg","https://example.com/images/room3.jpg"],"bookings":[]},{"id":"2a67bcc4-f727-4b9a-bc59-39722f6dbd78","name":"Deluxe Room","roomType":"double","roomNumber":101,"price":200,"discount":20,"description":"A spacious and luxurious room.","cancellationPolicy":"Free cancellation up to 24 hours before check-in.","amenities":{"airConditioner":true,"wifi":true,"breakfast":true,"kitchen":false,"cleaning":true,"shower":true,"grocery":false,"singleBed":false,"nearShop":true,"towels":true,"onlineSupport":true,"strongLocker":false,"smartSecurity":true,"expertTeam":false},"images":["https://example.com/images/room1.jpg","https://example.com/images/room2.jpg","https://example.com/images/room3.jpg"],"bookings":[]},{"id":"33891990-14b2-409c-8046-f6c66d1529eb","name":"Deluxe Room","roomType":"double","roomNumber":101,"price":200,"discount":20,"description":"A spacious and luxurious room.","cancellationPolicy":"Free cancellation up to 24 hours before check-in.","amenities":{"airConditioner":true,"wifi":true,"breakfast":true,"kitchen":false,"cleaning":true,"shower":true,"grocery":false,"singleBed":false,"nearShop":true,"towels":true,"onlineSupport":true,"strongLocker":false,"smartSecurity":true,"expertTeam":false},"images":["https://example.com/images/room1.jpg","https://example.com/images/room2.jpg","https://example.com/images/room3.jpg"],"bookings":[],"specialRequest":"nothing"},{"id":"107735d6-b610-442b-b86e-20c5409be6dc","name":"Deluxe Room","roomType":"double","roomNumber":101,"price":200,"discount":20,"description":"A spacious and luxurious room.","cancellationPolicy":"Free cancellation up to 24 hours before check-in.","amenities":{"airConditioner":true,"wifi":true,"breakfast":true,"kitchen":false,"cleaning":true,"shower":true,"grocery":false,"singleBed":false,"nearShop":true,"towels":true,"onlineSupport":true,"strongLocker":false,"smartSecurity":true,"expertTeam":false},"images":["https://example.com/images/room1.jpg","https://example.com/images/room2.jpg","https://example.com/images/room3.jpg"],"bookings":[]},{"id":"85d489b4-564f-46ae-a529-abc25c66412c","name":"Deluxe Room","roomType":"double","roomNumber":101,"price":200,"discount":20,"description":"A spacious and luxurious room.","cancellationPolicy":"Free cancellation up to 24 hours before check-in.","amenities":{"airConditioner":true,"wifi":true,"breakfast":true,"kitchen":false,"cleaning":true,"shower":true,"grocery":false,"singleBed":false,"nearShop":true,"towels":true,"onlineSupport":true,"strongLocker":false,"smartSecurity":true,"expertTeam":false},"images":["https://example.com/images/room1.jpg","https://example.com/images/room2.jpg","https://example.com/images/room3.jpg"],"bookings":[]},{"id":"402a50eb-b0ba-42b2-9a59-dc6bbc1f766e","name":"Deluxe Room","roomType":"double","roomNumber":101,"price":200,"discount":20,"description":"A spacious and luxurious room.","cancellationPolicy":"Free cancellation up to 24 hours before check-in.","amenities":{"airConditioner":true,"wifi":true,"breakfast":true,"kitchen":false,"cleaning":true,"shower":true,"grocery":false,"singleBed":false,"nearShop":true,"towels":true,"onlineSupport":true,"strongLocker":false,"smartSecurity":true,"expertTeam":false},"images":["https://example.com/images/room1.jpg","https://example.com/images/room2.jpg","https://example.com/images/room3.jpg"],"bookings":[]},{"id":"f95962ec-c2e8-483a-b5c9-cf1b9f4bcf59","name":"Deluxe Room","roomType":"double","roomNumber":101,"price":200,"discount":20,"description":"A spacious and luxurious room.","cancellationPolicy":"Free cancellation up to 24 hours before check-in.","amenities":{"airConditioner":true,"wifi":true,"breakfast":true,"kitchen":false,"cleaning":true,"shower":true,"grocery":false,"singleBed":false,"nearShop":true,"towels":true,"onlineSupport":true,"strongLocker":false,"smartSecurity":true,"expertTeam":false},"images":["https://example.com/images/room1.jpg","https://example.com/images/room2.jpg","https://example.com/images/room3.jpg"],"bookings":[]},{"id":"4ba162ff-6520-437a-abc1-1ef6fe6971dc","name":"Deluxe Room","roomType":"double","roomNumber":101,"price":200,"discount":20,"description":"A spacious and luxurious room.","cancellationPolicy":"Free cancellation up to 24 hours before check-in.","amenities":{"airConditioner":true,"wifi":true,"breakfast":true,"kitchen":false,"cleaning":true,"shower":true,"grocery":false,"singleBed":false,"nearShop":true,"towels":true,"onlineSupport":true,"strongLocker":false,"smartSecurity":true,"expertTeam":false},"images":["https://example.com/images/room1.jpg","https://example.com/images/room2.jpg","https://example.com/images/room3.jpg"],"bookings":[]},{"id":"2fd27e01-4456-47b2-9977-cf529618595d","name":"Deluxe Room","roomType":"double","roomNumber":101,"price":200,"discount":20,"description":"A spacious and luxurious room.","cancellationPolicy":"Free cancellation up to 24 hours before check-in.","amenities":{"airConditioner":true,"wifi":true,"breakfast":true,"kitchen":false,"cleaning":true,"shower":true,"grocery":false,"singleBed":false,"nearShop":true,"towels":true,"onlineSupport":true,"strongLocker":false,"smartSecurity":true,"expertTeam":false},"images":["https://example.com/images/room1.jpg","https://example.com/images/room2.jpg","https://example.com/images/room3.jpg"],"bookings":[],"specialRequest":"nothing"},{"id":"7a15a174-631a-46b2-ab0b-5e71e2f57a40","name":"Deluxe Room","roomType":"double","roomNumber":101,"price":200,"discount":20,"description":"A spacious and luxurious room.","cancellationPolicy":"Free cancellation up to 24 hours before check-in.","amenities":{"airConditioner":true,"wifi":true,"breakfast":true,"kitchen":false,"cleaning":true,"shower":true,"grocery":false,"singleBed":false,"nearShop":true,"towels":true,"onlineSupport":true,"strongLocker":false,"smartSecurity":true,"expertTeam":false},"images":["https://example.com/images/room1.jpg","https://example.com/images/room2.jpg","https://example.com/images/room3.jpg"],"bookings":[]},{"id":"d103b061-7184-4f6c-bdf4-7193951887a2","name":"Deluxe Room","roomType":"double","roomNumber":101,"price":200,"discount":20,"description":"A spacious and luxurious room.","cancellationPolicy":"Free cancellation up to 24 hours before check-in.","amenities":{"airConditioner":true,"wifi":true,"breakfast":true,"kitchen":false,"cleaning":true,"shower":true,"grocery":false,"singleBed":false,"nearShop":true,"towels":true,"onlineSupport":true,"strongLocker":false,"smartSecurity":true,"expertTeam":false},"images":["https://example.com/images/room1.jpg","https://example.com/images/room2.jpg","https://example.com/images/room3.jpg"],"bookings":[]},{"id":"9799a30b-4c89-427e-aa82-7ebeb0a48092","name":"Deluxe Room","roomType":"double","roomNumber":101,"price":200,"discount":20,"description":"A spacious and luxurious room.","cancellationPolicy":"Free cancellation up to 24 hours before check-in.","amenities":{"airConditioner":true,"wifi":true,"breakfast":true,"kitchen":false,"cleaning":true,"shower":true,"grocery":false,"singleBed":false,"nearShop":true,"towels":true,"onlineSupport":true,"strongLocker":false,"smartSecurity":true,"expertTeam":false},"images":["https://example.com/images/room1.jpg","https://example.com/images/room2.jpg","https://example.com/images/room3.jpg"],"bookings":[]},{"id":"41d3fd80-2887-4c82-bd6e-088e0f408989","name":"Deluxe Room","roomType":"double","roomNumber":101,"price":200,"discount":20,"description":"A spacious and luxurious room.","cancellationPolicy":"Free cancellation up to 24 hours before check-in.","amenities":{"airConditioner":true,"wifi":true,"breakfast":true,"kitchen":false,"cleaning":true,"shower":true,"grocery":false,"singleBed":false,"nearShop":true,"towels":true,"onlineSupport":true,"strongLocker":false,"smartSecurity":true,"expertTeam":false},"images":["https://example.com/images/room1.jpg","https://example.com/images/room2.jpg","https://example.com/images/room3.jpg"],"bookings":[]},{"id":"f7f81c1a-4787-4bb8-a48c-4c9a6fbef855","name":"Deluxe Room","roomType":"double","roomNumber":101,"price":200,"discount":20,"description":"A spacious and luxurious room.","cancellationPolicy":"Free cancellation up to 24 hours before check-in.","amenities":{"airConditioner":true,"wifi":true,"breakfast":true,"kitchen":false,"cleaning":true,"shower":true,"grocery":false,"singleBed":false,"nearShop":true,"towels":true,"onlineSupport":true,"strongLocker":false,"smartSecurity":true,"expertTeam":false},"images":["https://example.com/images/room1.jpg","https://example.com/images/room2.jpg","https://example.com/images/room3.jpg"],"bookings":[]},{"id":"10c94b47-29a0-4069-b3ff-52e08a2a183a","name":"Deluxe Room","roomType":"double","roomNumber":101,"price":200,"discount":20,"description":"A spacious and luxurious room.","cancellationPolicy":"Free cancellation up to 24 hours before check-in.","amenities":{"airConditioner":true,"wifi":true,"breakfast":true,"kitchen":false,"cleaning":true,"shower":true,"grocery":false,"singleBed":false,"nearShop":true,"towels":true,"onlineSupport":true,"strongLocker":false,"smartSecurity":true,"expertTeam":false},"images":["https://example.com/images/room1.jpg","https://example.com/images/room2.jpg","https://example.com/images/room3.jpg"],"bookings":[],"specialRequest":"nothing"},{"id":"030b3794-41ef-4fcb-a7d9-5f020a158b44","name":"Deluxe Room","roomType":"double","roomNumber":101,"price":200,"discount":20,"description":"A spacious and luxurious room.","cancellationPolicy":"Free cancellation up to 24 hours before check-in.","amenities":{"airConditioner":true,"wifi":true,"breakfast":true,"kitchen":false,"cleaning":true,"shower":true,"grocery":false,"singleBed":false,"nearShop":true,"towels":true,"onlineSupport":true,"strongLocker":false,"smartSecurity":true,"expertTeam":false},"images":["https://example.com/images/room1.jpg","https://example.com/images/room2.jpg","https://example.com/images/room3.jpg"],"bookings":[]},{"id":"f6e0783d-1e23-43bf-b199-de9223550268","name":"Deluxe Room","roomType":"double","roomNumber":101,"price":200,"discount":20,"description":"A spacious and luxurious room.","cancellationPolicy":"Free cancellation up to 24 hours before check-in.","amenities":{"airConditioner":true,"wifi":true,"breakfast":true,"kitchen":false,"cleaning":true,"shower":true,"grocery":false,"singleBed":false,"nearShop":true,"towels":true,"onlineSupport":true,"strongLocker":false,"smartSecurity":true,"expertTeam":false},"images":["https://example.com/images/room1.jpg","https://example.com/images/room2.jpg","https://example.com/images/room3.jpg"],"bookings":[]},{"id":"a1583434-8e31-489d-a018-fe2cc5c3e947","name":"Deluxe Room","roomType":"double","roomNumber":101,"price":200,"discount":20,"description":"A spacious and luxurious room.","cancellationPolicy":"Free cancellation up to 24 hours before check-in.","amenities":{"airConditioner":true,"wifi":true,"breakfast":true,"kitchen":false,"cleaning":true,"shower":true,"grocery":false,"singleBed":false,"nearShop":true,"towels":true,"onlineSupport":true,"strongLocker":false,"smartSecurity":true,"expertTeam":false},"images":["https://example.com/images/room1.jpg","https://example.com/images/room2.jpg","https://example.com/images/room3.jpg"],"bookings":[]},{"id":"2e93fc35-d414-4a34-9e72-bc6a65f3dfd1","name":"Deluxe Room","roomType":"double","roomNumber":101,"price":200,"discount":20,"description":"A spacious and luxurious room.","cancellationPolicy":"Free cancellation up to 24 hours before check-in.","amenities":{"airConditioner":true,"wifi":true,"breakfast":true,"kitchen":false,"cleaning":true,"shower":true,"grocery":false,"singleBed":false,"nearShop":true,"towels":true,"onlineSupport":true,"strongLocker":false,"smartSecurity":true,"expertTeam":false},"images":["https://example.com/images/room1.jpg","https://example.com/images/room2.jpg","https://example.com/images/room3.jpg"],"bookings":[]},{"id":"3701818a-43ba-45b7-8212-e5faae56592e","name":"Deluxe Room","roomType":"double","roomNumber":101,"price":200,"discount":20,"description":"A spacious and luxurious room.","cancellationPolicy":"Free cancellation up to 24 hours before check-in.","amenities":{"airConditioner":true,"wifi":true,"breakfast":true,"kitchen":false,"cleaning":true,"shower":true,"grocery":false,"singleBed":false,"nearShop":true,"towels":true,"onlineSupport":true,"strongLocker":false,"smartSecurity":true,"expertTeam":false},"images":["https://example.com/images/room1.jpg","https://example.com/images/room2.jpg","https://example.com/images/room3.jpg"],"bookings":[]},{"id":"58f66a62-e799-4c2a-abe8-26d007c179f6","name":"Deluxe Room","roomType":"double","roomNumber":101,"price":200,"discount":20,"description":"A spacious and luxurious room.","cancellationPolicy":"Free cancellation up to 24 hours before check-in.","amenities":{"airConditioner":true,"wifi":true,"breakfast":true,"kitchen":false,"cleaning":true,"shower":true,"grocery":false,"singleBed":false,"nearShop":true,"towels":true,"onlineSupport":true,"strongLocker":false,"smartSecurity":true,"expertTeam":false},"images":["https://example.com/images/room1.jpg","https://example.com/images/room2.jpg","https://example.com/images/room3.jpg"],"bookings":[],"specialRequest":"nothing"},{"id":"7f655687-cf12-4983-8f8a-7c8ecb9b499c","name":"Deluxe Room","roomType":"double","roomNumber":101,"price":200,"discount":20,"description":"A spacious and luxurious room.","cancellationPolicy":"Free cancellation up to 24 hours before check-in.","amenities":{"airConditioner":true,"wifi":true,"breakfast":true,"kitchen":false,"cleaning":true,"shower":true,"grocery":false,"singleBed":false,"nearShop":true,"towels":true,"onlineSupport":true,"strongLocker":false,"smartSecurity":true,"expertTeam":false},"images":["https://example.com/images/room1.jpg","https://example.com/images/room2.jpg","https://example.com/images/room3.jpg"],"bookings":[]},{"id":"8f708dd1-6bff-481e-a9e8-1bc2ee7ce0c0","name":"Deluxe Room","roomType":"double","roomNumber":101,"price":200,"discount":20,"description":"A spacious and luxurious room.","cancellationPolicy":"Free cancellation up to 24 hours before check-in.","amenities":{"airConditioner":true,"wifi":true,"breakfast":true,"kitchen":false,"cleaning":true,"shower":true,"grocery":false,"singleBed":false,"nearShop":true,"towels":true,"onlineSupport":true,"strongLocker":false,"smartSecurity":true,"expertTeam":false},"images":["https://example.com/images/room1.jpg","https://example.com/images/room2.jpg","https://example.com/images/room3.jpg"],"bookings":[]},{"id":"16b1c50e-0ddc-467c-a75d-a548fc94e3b3","name":"Deluxe Room","roomType":"double","roomNumber":101,"price":200,"discount":20,"description":"A spacious and luxurious room.","cancellationPolicy":"Free cancellation up to 24 hours before check-in.","amenities":{"airConditioner":true,"wifi":true,"breakfast":true,"kitchen":false,"cleaning":true,"shower":true,"grocery":false,"singleBed":false,"nearShop":true,"towels":true,"onlineSupport":true,"strongLocker":false,"smartSecurity":true,"expertTeam":false},"images":["https://example.com/images/room1.jpg","https://example.com/images/room2.jpg","https://example.com/images/room3.jpg"],"bookings":[]},{"id":"569ca335-931f-42f5-acd6-9bbfb63576ee","name":"Deluxe Room","roomType":"double","roomNumber":101,"price":200,"discount":20,"description":"A spacious and luxurious room.","cancellationPolicy":"Free cancellation up to 24 hours before check-in.","amenities":{"airConditioner":true,"wifi":true,"breakfast":true,"kitchen":false,"cleaning":true,"shower":true,"grocery":false,"singleBed":false,"nearShop":true,"towels":true,"onlineSupport":true,"strongLocker":false,"smartSecurity":true,"expertTeam":false},"images":["https://example.com/images/room1.jpg","https://example.com/images/room2.jpg","https://example.com/images/room3.jpg"],"bookings":[]},{"id":"15542fe7-e20b-440c-a1c4-6a678d0c2892","name":"Deluxe Room","roomType":"double","roomNumber":101,"price":200,"discount":20,"description":"A spacious and luxurious room.","cancellationPolicy":"Free cancellation up to 24 hours before check-in.","amenities":{"airConditioner":true,"wifi":true,"breakfast":true,"kitchen":false,"cleaning":true,"shower":true,"grocery":false,"singleBed":false,"nearShop":true,"towels":true,"onlineSupport":true,"strongLocker":false,"smartSecurity":true,"expertTeam":false},"images":["https://example.com/images/room1.jpg","https://example.com/images/room2.jpg","https://example.com/images/room3.jpg"],"bookings":[]},{"id":"c83a44df-02a4-46f7-a4c6-e0cadffa00ea","name":"Deluxe Room","roomType":"double","roomNumber":101,"price":200,"discount":20,"description":"A spacious and luxurious room.","cancellationPolicy":"Free cancellation up to 24 hours before check-in.","amenities":{"airConditioner":true,"wifi":true,"breakfast":true,"kitchen":false,"cleaning":true,"shower":true,"grocery":false,"singleBed":false,"nearShop":true,"towels":true,"onlineSupport":true,"strongLocker":false,"smartSecurity":true,"expertTeam":false},"images":["https://example.com/images/room1.jpg","https://example.com/images/room2.jpg","https://example.com/images/room3.jpg"],"bookings":[],"specialRequest":"nothing"},{"id":"bb1d2885-08d3-49c0-a894-fc686bb15dc7","name":"Deluxe Room","roomType":"double","roomNumber":101,"price":200,"discount":20,"description":"A spacious and luxurious room.","cancellationPolicy":"Free cancellation up to 24 hours before check-in.","amenities":{"airConditioner":true,"wifi":true,"breakfast":true,"kitchen":false,"cleaning":true,"shower":true,"grocery":false,"singleBed":false,"nearShop":true,"towels":true,"onlineSupport":true,"strongLocker":false,"smartSecurity":true,"expertTeam":false},"images":["https://example.com/images/room1.jpg","https://example.com/images/room2.jpg","https://example.com/images/room3.jpg"],"bookings":[]},{"id":"d9a82141-8c74-4cad-8018-259453d063ec","name":"Deluxe Room","roomType":"double","roomNumber":101,"price":200,"discount":20,"description":"A spacious and luxurious room.","cancellationPolicy":"Free cancellation up to 24 hours before check-in.","amenities":{"airConditioner":true,"wifi":true,"breakfast":true,"kitchen":false,"cleaning":true,"shower":true,"grocery":false,"singleBed":false,"nearShop":true,"towels":true,"onlineSupport":true,"strongLocker":false,"smartSecurity":true,"expertTeam":false},"images":["https://example.com/images/room1.jpg","https://example.com/images/room2.jpg","https://example.com/images/room3.jpg"],"bookings":[]},{"id":"55138cd6-5ee3-422f-996a-265b7a474563","name":"Deluxe Room","roomType":"double","roomNumber":101,"price":200,"discount":20,"description":"A spacious and luxurious room.","cancellationPolicy":"Free cancellation up to 24 hours before check-in.","amenities":{"airConditioner":true,"wifi":true,"breakfast":true,"kitchen":false,"cleaning":true,"shower":true,"grocery":false,"singleBed":false,"nearShop":true,"towels":true,"onlineSupport":true,"strongLocker":false,"smartSecurity":true,"expertTeam":false},"images":["https://example.com/images/room1.jpg","https://example.com/images/room2.jpg","https://example.com/images/room3.jpg"],"bookings":[]},{"id":"f9150c8c-ff26-498c-8a13-34381bbf01ee","name":"Deluxe Room","roomType":"double","roomNumber":101,"price":200,"discount":20,"description":"A spacious and luxurious room.","cancellationPolicy":"Free cancellation up to 24 hours before check-in.","amenities":{"airConditioner":true,"wifi":true,"breakfast":true,"kitchen":false,"cleaning":true,"shower":true,"grocery":false,"singleBed":false,"nearShop":true,"towels":true,"onlineSupport":true,"strongLocker":false,"smartSecurity":true,"expertTeam":false},"images":["https://example.com/images/room1.jpg","https://example.com/images/room2.jpg","https://example.com/images/room3.jpg"],"bookings":[]},{"id":"08819b50-8644-442f-ab15-9218ed2dcf86","name":"Deluxe Room","roomType":"double","roomNumber":101,"price":200,"discount":20,"description":"A spacious and luxurious room.","cancellationPolicy":"Free cancellation up to 24 hours before check-in.","amenities":{"airConditioner":true,"wifi":true,"breakfast":true,"kitchen":false,"cleaning":true,"shower":true,"grocery":false,"singleBed":false,"nearShop":true,"towels":true,"onlineSupport":true,"strongLocker":false,"smartSecurity":true,"expertTeam":false},"images":["https://example.com/images/room1.jpg","https://example.com/images/room2.jpg","https://example.com/images/room3.jpg"],"bookings":[]},{"id":"f75408b0-2265-47c7-b18b-b392f0eedeae","name":"Deluxe Room","roomType":"double","roomNumber":101,"price":200,"discount":20,"description":"A spacious and luxurious room.","cancellationPolicy":"Free cancellation up to 24 hours before check-in.","amenities":{"airConditioner":true,"wifi":true,"breakfast":true,"kitchen":false,"cleaning":true,"shower":true,"grocery":false,"singleBed":false,"nearShop":true,"towels":true,"onlineSupport":true,"strongLocker":false,"smartSecurity":true,"expertTeam":false},"images":["https://example.com/images/room1.jpg","https://example.com/images/room2.jpg","https://example.com/images/room3.jpg"],"bookings":[],"specialRequest":"nothing"},{"id":"797524c5-fe52-4456-8ad4-502c476ae680","name":"Deluxe Room","roomType":"double","roomNumber":101,"price":200,"discount":20,"description":"A spacious and luxurious room.","cancellationPolicy":"Free cancellation up to 24 hours before check-in.","amenities":{"airConditioner":true,"wifi":true,"breakfast":true,"kitchen":false,"cleaning":true,"shower":true,"grocery":false,"singleBed":false,"nearShop":true,"towels":true,"onlineSupport":true,"strongLocker":false,"smartSecurity":true,"expertTeam":false},"images":["https://example.com/images/room1.jpg","https://example.com/images/room2.jpg","https://example.com/images/room3.jpg"],"bookings":[]},{"id":"9b9dc831-02f2-42c8-9cd9-304a39bc07d2","name":"Deluxe Room","roomType":"double","roomNumber":101,"price":200,"discount":20,"description":"A spacious and luxurious room.","cancellationPolicy":"Free cancellation up to 24 hours before check-in.","amenities":{"airConditioner":true,"wifi":true,"breakfast":true,"kitchen":false,"cleaning":true,"shower":true,"grocery":false,"singleBed":false,"nearShop":true,"towels":true,"onlineSupport":true,"strongLocker":false,"smartSecurity":true,"expertTeam":false},"images":["https://example.com/images/room1.jpg","https://example.com/images/room2.jpg","https://example.com/images/room3.jpg"],"bookings":[]}]