[{"id":"QvyehacTRNZ2g-7Un8P51","name":"John","lastname":"Doe","email":"example@example.com","password":"$2b$10$Pij7Mdc3mxkkFppf48WWSuc/Ub3MyWlzYJUNv9bhGB9cZMEY0p1Y2"},{"id":"wzyYO05kinWSwreNaBWyD","name":"John","lastname":"Doe","email":"example@example.com","password":"$2b$10$oEA1f/2/XYueYM8pxw.PV.s3CY81Hn1HFaRe8hX0te7cO5faMWDpO"},{"id":"RXKN90lYPazHddWK5Y1Eq","name":"John","lastname":"Doe","email":"example@example.com","password":"$2b$10$HKVCgeGne5BTF..DWqcPKeyOEzzOIcPrW6pLFz0.H.QAvPHzN2YG2"},{"id":"R05Bx8aTSTZbnRYfqkCmZ","name":"John","lastname":"Doe","email":"example@example.com","password":"$2b$10$r1f4omVErA8vYRDwgzQWU.0J1m2k5bWp/mrZniDMKUDiWi.jhOOcu"},{"id":"JnqfG2kRh-5J4ecAjTJ_w","name":"John","lastname":"Doe","email":"example@example.com","password":"$2b$10$byJEF/ri8cdjXWRbyGd8dO1F8KfyyPyVGJ3.7QKSPZryDuOK/9eW6"},{"id":"E16uukbfBKZAnlrm-67wM","name":"John","lastname":"Doe","email":"example@example.com","password":"$2b$10$zwQg6j7MHM8W8kQs08F4cey2a32jN6tR6DXRyI6SEsI.oUQeHsXsy"},{"id":"0SNzWaxXX9QvtwwMrhh5d","name":"Lukasz","lastname":"Maraj","email":"lucas.m2295@gmail.com","password":"$2b$10$0NOc/0NXTnCOE62Jg/PvC.G3ZwC9ciU8Z0WWmqT7DP1Myyop20p.C"},{"id":"b3a630f8-6732-41ba-bfb9-8e113d4ceb7f","name":"Lukasz","lastname":"Maraj","email":"lucas.m2295@gmail.com","password":"$2b$10$HwW3fliQVz.G4jP8Pw72xe2Y9rF0SLxgormsI4Izc40x8JbUk1GOS"},{"id":"e9ed30f5-a022-488e-b91d-816e0b59a804","name":"Lukasz","lastname":"Maraj","email":"lucas.m2295@gmail.com","password":"$2b$10$/zaEOolQQ35q2mTIooAYoezq1F27Hw95DPdeygb8fqox0n95EmimG"},{"id":"c098d743-e80c-4857-8af1-c5325636fb23","name":"Lukasz","lastname":"Maraj","email":"lucas.m2295@gmail.com","password":"$2b$10$Cy/h0ht37k0Vgy.fLF8X6evgg3fet1OygYi3UwghbnpxElQJrhWSC"},{"id":"1e855917-c793-439e-a749-2d428fb064d5","name":"Lukasz","lastname":"Maraj","email":"lucas.m2295@gmail.com","password":"$2b$10$/xxnrAV7uUfmXr9bmZ7/a.VmPknwHKqabwrdkenDAfcVVSVXGBBxG"},{"id":"dc0807a2-4e3a-4e48-8cc4-9e540e165bac","name":"Lukasz","lastname":"Maraj","email":"lucas.m2295@gmail.com","password":"$2b$10$H4M2WHnsooj3AG1UPN2E1.WiC/q1WTE31xqQcmqdL9FBTFb7/e5dq"},{"id":"f06c551b-6404-4e75-a54c-6c122165071c","name":"Lukasz","lastname":"Maraj","email":"lucas.m2295@gmail.com","password":"$2b$10$KNaNcrh7Wdn3MuK0HRN5TO1N2lQvB2EWI.jgyQCfzJgM2ZYreKMZ."},{"id":"f106c778-4b1c-4312-91c8-56534ffdffe9","name":"Lukasz","lastname":"Maraj","email":"lucas.m2295@gmail.com","password":"$2b$10$YTZeFxHwmGAhpc16KlBVa.1V8f2sou7.IaaCAfVnzW3TyZ.3dFrAC"},{"id":"222b8cf5-1d93-4b04-a4d6-513612c86b59","name":"Lukasz","lastname":"Maraj","email":"lucas.m2295@gmail.com","password":"$2b$10$gQbyw36r0JDs6jEl4tj48OPljdha2bUkXZvQ6H1nDm5xKm543s40u"},{"id":"8e1989b0-7c11-46ae-9efb-3caa96dacd4c","name":"Lukasz","lastname":"Maraj","email":"lucas.m2295@gmail.com","password":"$2b$10$/7PKc.PNBAgzvbkS0yh8FeqYtzsElvaw57wFhx4z9/f8HPdIGHq52"},{"id":"e442211e-f6ce-40be-ad76-a4eb32c89067","name":"Lukasz","lastname":"Maraj","email":"lucas.m2295@gmail.com","password":"$2b$10$pxHVjEd07C8JIUZ8mtqFjuSoQGkeiqgXe/eDuyqpVlQwbob2EJEEa"},{"id":"6cb8686f-57e3-4147-9420-ec43630bd398","name":"Lukasz","lastname":"Maraj","email":"lucas.m2295@gmail.com","password":"$2b$10$dot/6GXRaK029jF10fTOCOCooV4b8cfN0LISdq07/ZE99fwoCpnfa"},{"id":"12a41f02-2cb8-473a-9099-9563039c8183","name":"Lukasz","lastname":"Maraj","email":"lucas.m2295@gmail.com","password":"$2b$10$a0BuJ.qqJOPYMxdc8FjxFuwqDFsmSQwdm7GML2FK2eMsL9/TxyU7u"},{"id":"db0b86bd-4adf-414d-ae0d-e85502ebf624","name":"Lukasz","lastname":"Maraj","email":"lucas.m2295@gmail.com","password":"$2b$10$O4ET6nj1YF5z29hshA/zw.jO72Iwo9hOqnyxC..a8ZykYYiKiqas6"},{"id":"4a5967f2-2fc1-4ddc-95e6-c292a3827912","name":"Test_1688087036679","lastname":"Test_1688087036679","email":"1688087036679@test.test","password":"$2b$10$WVsFYFOR6UeVgOi1oyB3tuWFUiEo5KuXWysnSAX0MY0L79tuj6iYm"},{"id":"a1902407-7458-48a3-9d2b-0f899535b127","name":"Lukasz","lastname":"Maraj","email":"lucas.m2295@gmail.com","password":"$2b$10$FfY57k0tAWs5u1F1e4UhVOO8yiHzXImUcvbVS9msMg31GBfhulPOO"},{"id":"c5000dbd-2366-4883-bdbd-c96c9bc9bdf8","name":"Test_1688087176081","lastname":"Test_1688087176081","email":"1688087176081@test.test","password":"$2b$10$SyqQ.C4q2ZVwTNSCNj4HYe1GMHAU4WUh1NrW232b/t6LL/W2NVlxa"},{"id":"89131db3-ee6c-46f6-b6a8-a48f891472cf","name":"Lukasz","lastname":"Maraj","email":"lucas.m2295@gmail.com","password":"$2b$10$w5EjYdyC.9CUfuarrUgRne2y.1SPL234eOQJnqxainyUL9NvA8CDm"},{"id":"be66511d-c728-43e6-8f98-14530c23465b","name":"Test_1688087254870","lastname":"Test_1688087254870","email":"1688087254870@test.test","password":"$2b$10$KjwItpAO2U4TvgDfnryOReDf7dsGuXc48geHYgnfkHbfpIoHibWyK"},{"id":"56a9752a-218d-4c76-80cf-26951008160f","name":"Lukasz","lastname":"Maraj","email":"lucas.m2295@gmail.com","password":"$2b$10$YJQgufi0qSE8xcxFlcbTxuBNoqyYpGve..TXC855UVKRAqD4yF7L."},{"id":"d6e70f8e-f61e-4359-9071-dc8bd6b069d4","name":"Test_1688087398630","lastname":"Test_1688087398630","email":"1688087398630@test.test","password":"$2b$10$XRQlRaTQQauFa3YzqY76Eu1DABUaMfTUkPSXHLSmT6W0VxuDbae/q"},{"id":"a193d20b-43f9-4866-ad30-fcbc458a1fe3","name":"Lukasz","lastname":"Maraj","email":"lucas.m2295@gmail.com","password":"$2b$10$VakWsQGKrqdn5pvBFhqg2.ON/ms/a0MU1xFzSzSeqxymoY8XmghX."},{"id":"48b9aa8c-d034-41c3-a45a-0d30a119e775","name":"Test_1688087497859","lastname":"Test_1688087497859","email":"1688087497859@test.test","password":"$2b$10$UqiskzR.nO/795IMSTlroeNEiIF6ClqFowL/faEU8CB2cPB6Hftha"},{"id":"1ad6aff7-3098-4aea-8a48-0afd015d39d5","name":"Test_1688087585927","lastname":"Test_1688087585927","email":"1688087585927@test.test","password":"$2b$10$uvyNrGCMh/ElrrUoSEBDOe/2Ew.KQxFpl8iwU4xZR.W69zEALYZ.q"},{"id":"0c17d14a-d50e-4808-8cbc-90c182eba5e0","name":"Lukasz","lastname":"Maraj","email":"lucas.m2295@gmail.com","password":"$2b$10$1NCN8Qg.cah5.5pjuW6TTOcw0JDDBihYijQ4GcS3D1CzYw/VHl2Qa"},{"id":"bff64695-9d67-44a0-8ebb-4b2d50db979a","name":"Test_1688087628208","lastname":"Test_1688087628208","email":"1688087628208@test.test","password":"$2b$10$ih1dlqQLn3PyeBfe5EAsBOlLEexSRxJlQqoaUCeukZCrUE4DKqv0y"},{"id":"22e55b32-e4fc-45c2-95cd-6cbb3f6c98a4","name":"Lukasz","lastname":"Maraj","email":"lucas.m2295@gmail.com","password":"$2b$10$ibovHwUdC4DDUBO5/qOcEe2seEEnSR7Buj6guXzBLkVKTrmnzy4ya"},{"id":"e072430a-3436-4a48-a507-53e9ec20d6c3","name":"Lukasz","lastname":"Maraj","email":"lucas.m2295@gmail.com","password":"$2b$10$UMnhNOIJHf0L7L9oH2DLsO9fw6XddhzIhgtdhGgkgP.cgEYq2XrJK"},{"id":"6b4c4720-7636-4bb9-bb87-2dd81ad8f035","name":"Lukasz","lastname":"Maraj","email":"lucas.m2295@gmail.com","password":"$2b$10$8Pr.gXH0YQuP8Ucf2W91nOuoPdCCZ69SPl8GPwoD.LjL4n76vsguG"},{"id":"c51c704b-6ab5-413d-be13-a070bf96c968","name":"Lukasz","lastname":"Maraj","email":"lucas.m2295@gmail.com","password":"$2b$10$DV47E2upfzKCOW3fEWtV.Od53/BUCUZihguuVZYwxsyxCTPOBGQSa"},{"id":"8151640b-53d1-48ab-916c-0222f6c16fb2","name":"new_test_name","lastname":"Test","email":"test@test.test","password":"$2b$10$ah5wwJTXEV5mbIOMRECwvebGcei67bc3F.vZMz7w3BA3PiCih6AJq"},{"id":"953c21b6-f334-4a69-9a63-f944f8226fc7","name":"Lukasz","lastname":"Maraj","email":"lucas.m2295@gmail.com","password":"$2b$10$SEjN.Gmq.UYx9muIhkERMOSRpuRqs/MZolXWxLWwHBV5RPNnXGGa2"},{"id":"e74a56cf-36e0-4bfd-b7f2-2faf9eafe644","name":"Lukasz","lastname":"Maraj","email":"lucas.m2295@gmail.com","password":"$2b$10$.G0d/P8DpXrfuJwqhY2b7OHIDZxJfqbaf0RqojBA8VWIE35vm.ptq"},{"id":"28469427-f664-4310-a0b9-550e66668e1e","name":"Lukasz","lastname":"Maraj","email":"lucas.m2295@gmail.com","password":"$2b$10$1seEf0HirNFI2o3QheXPBeFl6yFPPPtdh7a5ggMq9O9GD2RAKPtTu"},{"id":"c5ea8045-7103-405d-b384-c9de132ea86d","name":"Lukasz","lastname":"Maraj","email":"lucas.m2295@gmail.com","password":"$2b$10$ASsguM82geucc49Nf3dE5OZNCEisumN.zDdFVegl2P2sLG6exFtiq"},{"id":"80cd4e75-3e17-44a7-b167-5b47c658972e","name":"Lukasz","lastname":"Maraj","email":"lucas.m2295@gmail.com","password":"$2b$10$bxeXnd6G3QPXDs7oknVUBe71hwPR7nmB8FuEV/StPLpV.h1DuymlO"},{"id":"3140e845-1937-489d-bdd3-19c59882edb6","name":"Lukasz","lastname":"Maraj","email":"lucas.m2295@gmail.com","password":"$2b$10$vzMxMdT2V9NqBWldCY40XuDzoMq8mFWeQWv5ZnzSMN6xbUFot31tK"},{"id":"a2c2e526-c15c-4036-9c55-a61524847735","name":"Lukasz","lastname":"Maraj","email":"lucas.m2295@gmail.com","password":"$2b$10$xcBCDO2dfvmHgeq5EQMVDuSqbhk9zOsMAUSnZv8jKNIOOqVmrMpS."},{"id":"d181c99a-0c1f-488f-b364-74d0c2579db4","name":"Lukasz","lastname":"Maraj","email":"lucas.m2295@gmail.com","password":"$2b$10$AuSI/E1vpo1vf5w514cDTepvYVPH/xEM5tX8WAa8/bYTjrr2G3Ug6"},{"id":"9742e7c3-2ae1-4bbc-88fb-ef24f88ba47b","name":"Lukasz","lastname":"Maraj","email":"lucas.m2295@gmail.com","password":"$2b$10$CF82VptPg4hf06L9Jqnjz..S4rMyTQlu0U6WgCj0idZDvwFNI9xle"},{"id":"e54e4a84-0862-4efd-8c7e-123f6634cd96","name":"Lukasz","lastname":"Maraj","email":"lucas.m2295@gmail.com","password":"$2b$10$6Khz/pBGQCw8VfLvjm1YX.eurGIpYPlz2ekvYcONYHn6RmQ4X6uyu"},{"id":"beaf04ee-38a8-4142-83ad-98d8e2bf5052","name":"Lukasz","lastname":"Maraj","email":"lucas.m2295@gmail.com","password":"$2b$10$g1WbheLgv8dAptaGICEVH.IQ0jn0Soa4cbKq6K4UTgtintBjsxVpS"},{"id":"91dfb964-f1e0-4945-b6ce-181a18e33a46","name":"Lukasz","lastname":"Maraj","email":"lucas.m2295@gmail.com","password":"$2b$10$A8kC5Zco6fq01GiSMDmmO.rAJe3u5iEjZf/JEI5UP3Ei4ZD22O/bm"},{"id":"665dda59-3281-4b52-8968-a78403176f80","name":"Lukasz","lastname":"Maraj","email":"lucas.m2295@gmail.com","password":"$2b$10$TTYPRVeG7RGozVHqYRDipuxgs9RrWeSyq4.JDgG6MyVy6T5znE30C"},{"id":"de41d99e-f64b-443e-a81f-cf93568d290f","name":"Lukasz","lastname":"Maraj","email":"lucas.m2295@gmail.com","password":"$2b$10$owoljQfOsA77EpZY3jEWvOtP20cZTL.JVjfznp/DDnWbTT/QiPv8e"},{"id":"a71ad435-83d3-4119-8160-84f2778dbceb","name":"Lukasz","lastname":"Maraj","email":"lucas.m2295@gmail.com","password":"$2b$10$p7x3nlWpWXag5NQRUcN40Og78.GnyF3SJuDCOvi.wFcWA59gPrVuK"},{"id":"1ffa733e-1326-4f55-93e2-972e7de947bf","name":"Lukasz","lastname":"Maraj","email":"lucas.m2295@gmail.com","password":"$2b$10$oy8w9elcpI162LYBguMFlODrKo6ZFnm5/GpenJH5a74U/77YVRR1q"},{"id":"17f58469-9b44-4196-82c3-7d354a336e03","name":"Lukasz","lastname":"Maraj","email":"lucas.m2295@gmail.com","password":"$2b$10$RDkLv7PFxb/c9SFWtoYTpuRrTHG0Qczzs0toY6Pr2wuI.fsmjL6mO"},{"id":"85101b7c-2de7-4028-a324-5f659c1c41f4","name":"Lukasz","lastname":"Maraj","email":"lucas.m2295@gmail.com","password":"$2b$10$G7rdS0CYbIf4UOdvoI8XHOlXgMRFEp/Ebg4em.VGIVVqK3EtKYptK"},{"id":"2bac86e6-fc55-428e-b8a7-09e13c4dba2c","name":"Lukasz","lastname":"Maraj","email":"lucas.m2295@gmail.com","password":"$2b$10$NUl7yAo5p3Qw5Zo80E0yYuCiwTMfljz.JOuMMcse5vetE4Zui7Atm"},{"id":"b71d6d98-7ad0-435c-b03e-c05ace0533b0","name":"Lukasz","lastname":"Maraj","email":"lucas.m2295@gmail.com","password":"$2b$10$buf3zcQgEmGjh0VfIyYEJeg.IepakDIAIphlflcDgn/4qjFvCHzly"},{"id":"1e866fd1-62b3-47b6-9a1b-e707e4e05dfa","name":"Lukasz","lastname":"Maraj","email":"lucas.m2295@gmail.com","password":"$2b$10$P2YOy9SPWdAWuv1.ctkvx.CbR0XXPfX1TNBImNRAs7XwN./fLjpmS"},{"id":"513cb70e-a621-490a-a41f-84ec8ba81375","name":"Lukasz","lastname":"Maraj","email":"lucas.m2295@gmail.com","password":"$2b$10$CHWubrLpThxZwj407yIJhuhBVh/HxVgzhb0bCNzj8H3NkJKTDne/W"},{"id":"89cb169a-0d89-44be-9793-6443e12a39e9","name":"Lukasz","lastname":"Maraj","email":"lucas.m2295@gmail.com","password":"$2b$10$8UAFCAwC76jLlooFIPTlG./RaCYSZXBUhcuAKzKUUIk5ZrT3fukfe"},{"id":"a28cc96b-766b-4dbc-a478-33f60d5122a9","name":"Lukasz","lastname":"Maraj","email":"lucas.m2295@gmail.com","password":"$2b$10$LH9UbOzWDhx86QjohzIRzOyTLNpvkHIm.Tkg6SX47beW4GT6uIN76"},{"id":"8829918c-234b-4fb1-aab6-12c4fdae268f","name":"Lukasz","lastname":"Maraj","email":"lucas.m2295@gmail.com","password":"$2b$10$LxnLQuuPFhEZ6yPHiuCwp.EClx8SZCttG9iAjmbQiFBsl6fr/ph6."},{"id":"5183b791-7dba-4f20-abe7-2e75568b4fa4","name":"Lukasz","lastname":"Maraj","email":"lucas.m2295@gmail.com","password":"$2b$10$lguKY6FxUnlq1j7LtNJYYO/tFJchLhzOX.BylBQgobztlsAm9a82q"},{"id":"10e58875-854a-471f-92d1-3e5135c01c50","name":"Lukasz","lastname":"Maraj","email":"lucas.m2295@gmail.com","password":"$2b$10$OdRWKtppYvTiQCuv0IzzDuN7kH2s3V0i.N3WhoDdjqQTAtz/jYnCO"},{"id":"ca88f731-de87-416f-bbdf-ea208518711e","name":"Lukasz","lastname":"Maraj","email":"lucas.m2295@gmail.com","password":"$2a$10$yJF4zUMFMd2C1LKMcOeSYeU0xkg/Gimj9fYsRuMz4NTtghb80HF7S"}]